ID,Job Title,Email Address,FirstName LastName,Course,Department
1,Investment  Advisor,Christine_Quinton2222@muall.tech,Christine Quinton,Art,Sales
2,Design Engineer,Sabrina_Steer6736@liret.org,Sabrina Steer,Ancient Civilizations,Marketing
3,Project Manager,Mona_Niles3467@nanoff.biz,Mona Niles,Grammar,Marketing
4,Chef Manager,Alexander_Yates8459@famism.biz,Alexander Yates,Trigonometry,Management
5,HR Coordinator,Elise_Camden7772@guentu.biz,Elise Camden,French,Sales
6,Assistant Buyer,Scarlett_Yarlett4228@zorer.org,Scarlett Yarlett,Economics,Operations
7,Lecturer,Peter_Chapman8265@grannar.com,Peter Chapman,Language Arts,Sales
8,Retail Trainee,Harvey_Neville8218@liret.org,Harvey Neville,Design and technology,Human Resources
9,Assistant Buyer,Angelique_Fox7485@cispeto.com,Angelique Fox,English IV,Human Resources
10,Executive Director,Noah_Lee6098@bauros.biz,Noah Lee,Grammar,Management
11,Accountant,Ronald_Ebden5809@infotech44.tech,Ronald Ebden,Ecology,Operations
12,Electrician,Marissa_Speed725@bauros.biz,Marissa Speed,Design and technology,Finance
13,Design Engineer,Mark_Oliver8339@nickia.com,Mark Oliver,Grammar,Human Resources
14,Healthcare Specialist,Tony_Fall6426@sveldo.biz,Tony Fall,Sociology,Sales
15,IT Support Staff,Alex_Owen2181@nickia.com,Alex Owen,Speech,Sales
16,Mobile Developer,Owen_Latham675@sheye.org,Owen Latham,American Literature,Sales
17,Inspector,Manuel_Walsh4514@famism.biz,Manuel Walsh,French,Human Resources
18,Insurance Broker,Kieth_Hunt8435@acrit.org,Kieth Hunt,LOGIC,Purchasing
19,Assistant Buyer,Charlize_Neal9199@elnee.tech,Charlize Neal,Language Arts,Marketing
20,Cook,Erica_Lewis329@nimogy.biz,Erica Lewis,German,Accounting
21,Baker,Mina_Stevens2537@bulaffy.com,Mina Stevens,Music,Management
22,Mobile Developer,Eduardo_Yang6783@ubusive.com,Eduardo Yang,Design and technology,Research and Development
23,Production Painter,Keira_Fields6401@womeona.net,Keira Fields,Resource Program,Management
24,Insurance Broker,Ryan_Santos5409@liret.org,Ryan Santos,History,Research and Development
25,Cook,Hank_Reading9792@nanoff.biz,Hank Reading,Grammar,Operations
26,Global Logistics Supervisor,Carla_Brown4954@jiman.org,Carla Brown,Physical Education,Management
27,Software Engineer,Benjamin_Gordon1156@typill.biz,Benjamin Gordon,Resource Program,IT
28,Project Manager,Nick_Young3281@gmail.com,Nick Young,Resource Program,Sales
29,Pharmacist,Violet_Hepburn1416@kideod.biz,Violet Hepburn,LOGIC,Accounting
30,Food Technologist,Tom_Underhill8660@kideod.biz,Tom Underhill,Resource Program,Finance
31,Retail Trainee,Nicholas_Chapman5972@hourpy.biz,Nicholas Chapman,Grammar,Sales
32,Clerk,Greta_Strong7098@jiman.org,Greta Strong,History,Purchasing
33,Banker,David_Wills4138@jiman.org,David Wills,Science,Marketing
34,Laboratory Technician,Ruth_Lyon8612@ovock.tech,Ruth Lyon,Language Arts,Purchasing
35,Cook,Ethan_Rodwell488@infotech44.tech,Ethan Rodwell,American Literature,Accounting
36,Steward,Rosalyn_Rosenbloom4969@bungar.biz,Rosalyn Rosenbloom,Grammar,Operations
37,HR Coordinator,Ramon_Wooldridge3467@supunk.biz,Ramon Wooldridge,French,Purchasing
38,Restaurant Manager,Dasha_Rixon2644@iatim.tech,Dasha Rixon,Design and technology,Sales
39,Paramedic,Lauren_Driscoll1006@twace.org,Lauren Driscoll,Handwriting,Finance
40,Electrician,Chester_Middleton8082@nickia.com,Chester Middleton,Speech,Research and Development
41,HR Specialist,Taylor_Cobb9541@typill.biz,Taylor Cobb,Accounting,Research and Development
42,Laboratory Technician,Cherish_Oatway8743@muall.tech,Cherish Oatway,German,IT
43,Assistant Buyer,Julian_Uttridge1973@vetan.org,Julian Uttridge,Economics,Operations
44,Pharmacist,Carl_Burnley2480@gembat.biz,Carl Burnley,History,Management
45,Doctor,Tony_Oldfield2260@ovock.tech,Tony Oldfield,Instrumental Music,Purchasing
46,Loan Officer,Celina_Simpson9896@sveldo.biz,Celina Simpson,Geography,Marketing
47,Staffing Consultant,Marilyn_Drake9422@famism.biz,Marilyn Drake,Speech,Sales
48,Stockbroker,Roger_Umney6800@famism.biz,Roger Umney,Earth Science,Sales
49,Operator,Francesca_Lakey5253@bulaffy.com,Francesca Lakey,Physical Education,Human Resources
50,Executive Director,Nick_Wilson4120@corti.com,Nick Wilson,Dramatics,Sales
51,CNC Operator,Ethan_Oakley392@atink.com,Ethan Oakley,Mathematics,Accounting
52,Ambulatory Nurse,Olivia_Hill8594@guentu.biz,Olivia Hill,English IV,Marketing
53,Ambulatory Nurse,Rita_Jordan6981@elnee.tech,Rita Jordan,Trigonometry,Operations
54,Banker,Abbey_Ebden5860@supunk.biz,Abbey Ebden,Basic Math,Purchasing
55,Cashier,Daniel_Mooney8713@naiker.biz,Daniel Mooney,Language Arts,Sales
56,CNC Operator,Valentina_Robertson2053@yahoo.com,Valentina Robertson,English IV,Purchasing
57,Front Desk Coordinator,Josh_Moore3739@kideod.biz,Josh Moore,Geography,Operations
58,Lecturer,Tess_Lewis9858@sveldo.biz,Tess Lewis,LOGIC,Marketing
59,Software Engineer,Alexia_Ryan9725@muall.tech,Alexia Ryan,Science,Operations
60,Ambulatory Nurse,Caydence_Eddison3546@corti.com,Caydence Eddison,Mathematics,Purchasing
61,Fabricator,Noah_Farrant5092@bretoux.com,Noah Farrant,Health,Sales
62,Front Desk Coordinator,Nate_Attwood970@muall.tech,Nate Attwood,Language Arts,Management
63,HR Coordinator,Tyler_Cameron8402@typill.biz,Tyler Cameron,Geography,IT
64,Cashier,Eryn_Mcgee7793@acrit.org,Eryn Mcgee,Sociology,Research and Development
65,Electrician,Clint_Hobson2059@vetan.org,Clint Hobson,Health,Sales
66,Health Educator,Daron_Reid3097@infotech44.tech,Daron Reid,Economics,Finance
67,Cashier,Oliver_Ellison4335@hourpy.biz,Oliver Ellison,Sociology,Sales
68,Doctor,Livia_Watson9251@deavo.com,Livia Watson,Art,Research and Development
69,Physician,Tyler_Bright1424@guentu.biz,Tyler Bright,German,Operations
70,Cash Manager,Logan_Bright5156@kideod.biz,Logan Bright,Mathematics,Marketing
71,Health Educator,Nicholas_Gaynor7472@bauros.biz,Nicholas Gaynor,Physical Education,Management
72,Insurance Broker,Enoch_Parker5038@irrepsy.com,Enoch Parker,Resource Program,Human Resources
73,Health Educator,Peter_Waterhouse9062@famism.biz,Peter Waterhouse,Resource Program,Sales
74,Business Broker,Sebastian_Briggs2403@sheye.org,Sebastian Briggs,History,IT
75,Inspector,Nathan_Malone3866@cispeto.com,Nathan Malone,American Literature,Management
76,Software Engineer,Tom_Evans1040@nanoff.biz,Tom Evans,Art,Sales
77,Accountant,Liv_Wright9628@grannar.com,Liv Wright,History,Sales
78,Mobile Developer,Johnny_Turner5021@twipet.com,Johnny Turner,German,Sales
79,Fabricator,Marvin_Amstead842@bretoux.com,Marvin Amstead,LOGIC,Finance
80,Dentist,Kurt_Ebden1107@kideod.biz,Kurt Ebden,Health,Finance
81,Staffing Consultant,Julius_Foxley7586@atink.com,Julius Foxley,Health,Human Resources
82,Production Painter,Carolyn_Hobson1960@corti.com,Carolyn Hobson,Spanish,Sales
83,Doctor,Josh_Adams266@kideod.biz,Josh Adams,Health,Marketing
84,Business Broker,Denis_Eyres7551@fuliss.net,Denis Eyres,Speech,Marketing
85,Design Engineer,Adeline_Bennett6080@liret.org,Adeline Bennett,Latin,Management
86,Operator,Susan_Ebbs3635@yahoo.com,Susan Ebbs,Accounting,Sales
87,Project Manager,Matthew_Chapman5580@deavo.com,Matthew Chapman,Latin,IT
88,Mobile Developer,Ruby_Weston2974@naiker.biz,Ruby Weston,French,Sales
89,Stockbroker,Kieth_Hunt9522@zorer.org,Kieth Hunt,American Literature,Human Resources
90,Cook,Rowan_Swift6204@gembat.biz,Rowan Swift,Grammar,Accounting
91,Dentist,Chanelle_Vane2538@sheye.org,Chanelle Vane,Earth Science,Marketing
92,HR Coordinator,Crystal_Power7563@bretoux.com,Crystal Power,Geography,IT
93,Laboratory Technician,Rufus_Leigh324@qater.org,Rufus Leigh,Instrumental Music,Management
94,Physician,Teagan_London2276@sheye.org,Teagan London,Handwriting,IT
95,Pharmacist,Harmony_Ianson906@hourpy.biz,Harmony Ianson,Economics,Marketing
96,Service Supervisor,Russel_Richardson6785@deons.tech,Russel Richardson,Ecology,Finance
97,Treasurer,Hayden_Gordon6958@eirey.tech,Hayden Gordon,Mathematics,Operations
98,Ambulatory Nurse,Harvey_Rehman1636@womeona.net,Harvey Rehman,Design and technology,IT
99,Lecturer,Josephine_Knight443@qater.org,Josephine Knight,Dramatics,Accounting
100,Accountant,Brad_Lowe4013@bauros.biz,Brad Lowe,Trigonometry,Research and Development
101,Call Center Representative,Keira_Woods9061@womeona.net,Keira Woods,Design and technology,Operations
102,Machine Operator,Anthony_Ramsey69@nimogy.biz,Anthony Ramsey,Handwriting,Sales
103,Operator,Hank_Kirby7956@typill.biz,Hank Kirby,Design and technology,IT
104,Ambulatory Nurse,Belinda_Ashley9760@gembat.biz,Belinda Ashley,American Literature,Operations
105,HR Specialist,Kurt_Malone9605@corti.com,Kurt Malone,Accounting,Management
106,Insurance Broker,Colleen_Middleton8937@guentu.biz,Colleen Middleton,Economics,Finance
107,Cook,Megan_Andrews5768@womeona.net,Megan Andrews,Handwriting,Marketing
108,Inspector,Dorothy_Malone7046@womeona.net,Dorothy Malone,Earth Science,Accounting
109,Audiologist,Helen_Dann8836@cispeto.com,Helen Dann,Grammar,Accounting
110,Operator,Lillian_Farmer8042@mafthy.com,Lillian Farmer,Accounting,Management
111,Operator,Henry_Parsons9678@gompie.com,Henry Parsons,Design and technology,Human Resources
112,Call Center Representative,Erick_Dann2804@tonsy.org,Erick Dann,Trigonometry,Marketing
113,Mobile Developer,Raquel_Brown9610@irrepsy.com,Raquel Brown,Leadership,Sales
114,Systems Administrator,Victoria_Thorne1257@infotech44.tech,Victoria Thorne,English IV,Marketing
115,HR Coordinator,Tiffany_Reid4608@sveldo.biz,Tiffany Reid,Ecology,Purchasing
116,Assistant Buyer,Agnes_Nayler6951@sheye.org,Agnes Nayler,German,Finance
117,Healthcare Specialist,Denis_Ainsworth8458@jiman.org,Denis Ainsworth,English IV,Accounting
118,Cash Manager,Cadence_Poulton1228@tonsy.org,Cadence Poulton,Leadership,Purchasing
119,Executive Director,Mavis_Villiger5751@sheye.org,Mavis Villiger,Health,Purchasing
120,Global Logistics Supervisor,Eduardo_Lee4527@zorer.org,Eduardo Lee,Leadership,Finance
121,Cook,Maya_Harvey1336@deons.tech,Maya Harvey,Music,Finance
122,Web Developer,Sage_Lowe4224@ubusive.com,Sage Lowe,Spanish,Management
123,HR Specialist,Tom_Cooper9989@naiker.biz,Tom Cooper,English IV,Accounting
124,Insurance Broker,Alan_Steer3369@sveldo.biz,Alan Steer,Art,Research and Development
125,Assistant Buyer,Benny_Fenton6643@eirey.tech,Benny Fenton,LOGIC,Human Resources
126,Treasurer,Holly_Evans6453@corti.com,Holly Evans,Speech,Sales
127,Production Painter,Owen_Ellwood9145@deons.tech,Owen Ellwood,Art,Research and Development
128,Steward,Elisabeth_Lindop8453@nanoff.biz,Elisabeth Lindop,Trigonometry,Accounting
129,Investment  Advisor,Kieth_Heaton7579@twipet.com,Kieth Heaton,Speech,Management
130,Global Logistics Supervisor,Harry_Hall9314@infotech44.tech,Harry Hall,Instrumental Music,Marketing
131,Mobile Developer,Sonya_Heaton4549@grannar.com,Sonya Heaton,Latin,Purchasing
132,Global Logistics Supervisor,Hazel_Fox63@corti.com,Hazel Fox,English IV,Human Resources
133,Chef Manager,Hank_Ashwell5031@ovock.tech,Hank Ashwell,Latin,Operations
134,Cash Manager,Mark_Furnell4962@naiker.biz,Mark Furnell,Spanish,Human Resources
135,Fabricator,Jayden_Plumb9415@bulaffy.com,Jayden Plumb,Art,IT
136,Auditor,Ronald_Wade8547@deons.tech,Ronald Wade,English IV,IT
137,Front Desk Coordinator,Janelle_Lomax7748@supunk.biz,Janelle Lomax,Dramatics,Marketing
138,Call Center Representative,Joseph_Silva2479@naiker.biz,Joseph Silva,Dramatics,Finance
139,Retail Trainee,Harmony_Radcliffe2128@famism.biz,Harmony Radcliffe,Music,Human Resources
140,Cook,Penelope_Fenton9339@bungar.biz,Penelope Fenton,Language Arts,Research and Development
141,Call Center Representative,Kurt_Briggs7887@supunk.biz,Kurt Briggs,Physical Education,Finance
142,Laboratory Technician,Samantha_Cattell1457@typill.biz,Samantha Cattell,Ancient Civilizations,Operations
143,Steward,Hank_Wood8294@corti.com,Hank Wood,Physical Education,Management
144,Machine Operator,Rhea_Hudson2886@fuliss.net,Rhea Hudson,Science,IT
145,HR Coordinator,Barry_Rossi9872@kideod.biz,Barry Rossi,American Literature,Accounting
146,Design Engineer,Anais_Price3309@fuliss.net,Anais Price,American Literature,IT
147,Production Painter,Mark_Thomson7360@deons.tech,Mark Thomson,Modern Literature,Accounting
148,Physician,Miley_Wren3103@tonsy.org,Miley Wren,Trigonometry,Operations
149,Pharmacist,Paige_Newton6009@typill.biz,Paige Newton,French,Research and Development
150,Global Logistics Supervisor,Hayden_Edwards1570@acrit.org,Hayden Edwards,Art,Purchasing
151,IT Support Staff,Leah_Stevens7082@gmail.com,Leah Stevens,Design and technology,Research and Development
152,Insurance Broker,Nathan_Rogers3765@dionrab.com,Nathan Rogers,American Literature,Operations
153,Systems Administrator,Daphne_Attwood6321@zorer.org,Daphne Attwood,Handwriting,Human Resources
154,Audiologist,Liam_Noach2278@grannar.com,Liam Noach,Basic Math,Research and Development
155,Bellman,Russel_Cavanagh395@bungar.biz,Russel Cavanagh,Resource Program,Operations
156,Mobile Developer,Luke_Broomfield4239@fuliss.net,Luke Broomfield,Economics,Research and Development
157,Healthcare Specialist,Amy_Mcgregor1905@deavo.com,Amy Mcgregor,Ancient Civilizations,Sales
158,Service Supervisor,Cameron_Pope5027@bungar.biz,Cameron Pope,Dramatics,Human Resources
159,Cook,William_Stewart6092@twipet.com,William Stewart,Earth Science,Sales
160,Biologist,Cherish_Bloom4518@nanoff.biz,Cherish Bloom,LOGIC,Purchasing
161,CNC Operator,Domenic_Bishop7847@bungar.biz,Domenic Bishop,Speech,Sales
162,Machine Operator,Tyson_Mason3353@gompie.com,Tyson Mason,Modern Literature,Marketing
163,Fabricator,Alma_Underhill9707@twace.org,Alma Underhill,Music,Management
164,Food Technologist,Francesca_Fox5688@ubusive.com,Francesca Fox,Music,Human Resources
165,Cook,Mark_Eaton5334@muall.tech,Mark Eaton,Ecology,Operations
166,Healthcare Specialist,Joseph_Thomas8628@gmail.com,Joseph Thomas,Physical Education,Management
167,Inspector,Chester_Hope7746@infotech44.tech,Chester Hope,Leadership,Research and Development
168,Dentist,Sebastian_Whinter5249@deons.tech,Sebastian Whinter,Sociology,Human Resources
169,Restaurant Manager,Rihanna_Moore2635@cispeto.com,Rihanna Moore,Speech,Human Resources
170,HR Coordinator,Lynn_Weldon3702@joiniaa.com,Lynn Weldon,Physical Education,Management
171,HR Specialist,Elle_James1810@ovock.tech,Elle James,Ecology,Purchasing
172,IT Support Staff,Felicity_Darcy3978@deavo.com,Felicity Darcy,Art,Sales
173,Staffing Consultant,Chelsea_Vallory1606@iatim.tech,Chelsea Vallory,American Literature,Purchasing
174,Service Supervisor,Angel_Hilton9533@joiniaa.com,Angel Hilton,Economics,Human Resources
175,HR Coordinator,Alan_King1198@gompie.com,Alan King,Geography,Accounting
176,Retail Trainee,Christine_Potts6659@gembat.biz,Christine Potts,Spanish,Finance
177,Investment  Advisor,Danielle_Needham9921@bauros.biz,Danielle Needham,Sociology,Finance
178,Auditor,Nicholas_Curtis2816@mafthy.com,Nicholas Curtis,Modern Literature,Purchasing
179,Clerk,Rocco_Morris4791@irrepsy.com,Rocco Morris,Speech,Accounting
180,Loan Officer,Sabrina_Ward2316@ubusive.com,Sabrina Ward,Ancient Civilizations,Purchasing
181,Insurance Broker,Wendy_Powell7855@mafthy.com,Wendy Powell,Music,Research and Development
182,Cashier,Danielle_Durrant2605@sheye.org,Danielle Durrant,Science,Purchasing
183,Ambulatory Nurse,Clarissa_Dowson3867@supunk.biz,Clarissa Dowson,Physical Education,Accounting
184,Laboratory Technician,Rowan_Latham7156@liret.org,Rowan Latham,Health,Operations
185,Associate Professor,Sabina_Norburn6082@acrit.org,Sabina Norburn,Science,Management
186,Banker,Kurt_Furnell8558@elnee.tech,Kurt Furnell,Science,IT
187,Inspector,Erick_Walton4947@bretoux.com,Erick Walton,Accounting,Operations
188,Clerk,Roger_Atkinson989@gembat.biz,Roger Atkinson,German,Accounting
189,Pharmacist,Julian_Hastings3958@nimogy.biz,Julian Hastings,Economics,Sales
190,Audiologist,Harriet_Clarkson6070@jiman.org,Harriet Clarkson,Earth Science,Marketing
191,Service Supervisor,Chadwick_Kennedy4209@qater.org,Chadwick Kennedy,Geography,Marketing
192,Treasurer,Vanessa_Quinnell2732@gompie.com,Vanessa Quinnell,Music,Purchasing
193,Cashier,Carrie_Wise7043@gembat.biz,Carrie Wise,Science,Purchasing
194,HR Specialist,Carmella_Power5101@eirey.tech,Carmella Power,Latin,Purchasing
195,HR Coordinator,Abdul_Little8482@joiniaa.com,Abdul Little,Geography,Sales
196,Mobile Developer,Melinda_Mason4576@elnee.tech,Melinda Mason,French,IT
197,Machine Operator,Mason_Redfern7044@sheye.org,Mason Redfern,Economics,IT
198,Design Engineer,Jessica_Andrews1890@fuliss.net,Jessica Andrews,Speech,Human Resources
199,Web Developer,Zoe_Gavin7903@famism.biz,Zoe Gavin,Science,Management
200,Stockbroker,Erick_Saunders7195@muall.tech,Erick Saunders,Earth Science,Purchasing
201,Pharmacist,Daniel_Healy5889@muall.tech,Daniel Healy,Basic Math,Human Resources
202,Steward,Benjamin_King1498@muall.tech,Benjamin King,Earth Science,Finance
203,Retail Trainee,Boris_Newton3962@atink.com,Boris Newton,Resource Program,Purchasing
204,Cash Manager,Regina_Reyes9652@ubusive.com,Regina Reyes,Latin,Finance
205,Web Developer,Candice_Owens917@guentu.biz,Candice Owens,Health,Marketing
206,Systems Administrator,Louise_Mooney4207@brety.org,Louise Mooney,Science,Operations
207,Stockbroker,Quinn_Allen9094@bretoux.com,Quinn Allen,Health,Management
208,Stockbroker,Adela_Clarke6056@elnee.tech,Adela Clarke,Music,Purchasing
209,Software Engineer,Sofia_Bishop7324@elnee.tech,Sofia Bishop,Spanish,Purchasing
210,Mobile Developer,Jasmine_Fisher1977@twace.org,Jasmine Fisher,Health,Sales
211,IT Support Staff,Goldie_Nobbs510@kideod.biz,Goldie Nobbs,Modern Literature,Accounting
212,Clerk,Emmanuelle_Ainsworth5945@supunk.biz,Emmanuelle Ainsworth,Dramatics,Accounting
213,Service Supervisor,Destiny_Riley9918@eirey.tech,Destiny Riley,LOGIC,Research and Development
214,Healthcare Specialist,Kieth_Fields9124@dionrab.com,Kieth Fields,American Literature,Marketing
215,Webmaster,Rebecca_Bryson8050@twace.org,Rebecca Bryson,Modern Literature,IT
216,Investment  Advisor,Chad_Reynolds5291@iatim.tech,Chad Reynolds,Ancient Civilizations,Marketing
217,Inspector,Gloria_Isaac5534@bulaffy.com,Gloria Isaac,Grammar,Research and Development
218,Treasurer,Barry_Lucas4558@nimogy.biz,Barry Lucas,Earth Science,Accounting
219,Systems Administrator,Livia_Rivers1814@elnee.tech,Livia Rivers,Trigonometry,Management
220,HR Coordinator,Chester_Upsdell8163@deavo.com,Chester Upsdell,Music,Management
221,Paramedic,Luke_Brock9820@naiker.biz,Luke Brock,Earth Science,Human Resources
222,Health Educator,Renee_Noach9082@jiman.org,Renee Noach,Science,Finance
223,Food Technologist,Anne_Wallace5097@ubusive.com,Anne Wallace,Design and technology,Operations
224,Executive Director,Kaylee_Paterson7563@famism.biz,Kaylee Paterson,Art,Research and Development
225,Loan Officer,Celia_Bailey2772@vetan.org,Celia Bailey,Economics,IT
226,Paramedic,Nate_Lucas8757@iatim.tech,Nate Lucas,Economics,Operations
227,Associate Professor,Andie_Locke9923@grannar.com,Andie Locke,Instrumental Music,Operations
228,HR Coordinator,Danielle_Whittle2575@guentu.biz,Danielle Whittle,Economics,IT
229,Electrician,Chris_Collins3527@muall.tech,Chris Collins,Trigonometry,Purchasing
230,Dentist,Clint_Noon9811@atink.com,Clint Noon,Speech,Sales
231,HR Specialist,Marie_Nelson95@nanoff.biz,Marie Nelson,Spanish,Finance
232,Baker,Owen_Gray9854@nanoff.biz,Owen Gray,Mathematics,Management
233,Software Engineer,Mina_Harrison1416@corti.com,Mina Harrison,Sociology,Purchasing
234,Banker,Mark_Jefferson416@atink.com,Mark Jefferson,Earth Science,Sales
235,Loan Officer,Henry_Lee8840@infotech44.tech,Henry Lee,Health,Human Resources
236,Cook,Candace_Williams46@eirey.tech,Candace Williams,Leadership,Management
237,Designer,Maia_Jackson7793@kideod.biz,Maia Jackson,Earth Science,Sales
238,Food Technologist,Karen_Hewitt8866@infotech44.tech,Karen Hewitt,Design and technology,Finance
239,Service Supervisor,Percy_Michael1069@twace.org,Percy Michael,Physical Education,Accounting
240,Restaurant Manager,Christine_Cowan6236@gembat.biz,Christine Cowan,Handwriting,Management
241,Banker,Barry_Radcliffe9152@liret.org,Barry Radcliffe,Handwriting,Research and Development
242,Front Desk Coordinator,Marissa_Mould674@vetan.org,Marissa Mould,English IV,Research and Development
243,Auditor,Rylee_Armstrong1407@yahoo.com,Rylee Armstrong,History,Operations
244,Stockbroker,Nate_Kelly488@ovock.tech,Nate Kelly,Leadership,IT
245,Budget Analyst,Barry_Tait7589@famism.biz,Barry Tait,Modern Literature,Operations
246,Cashier,Olivia_Stone6918@gompie.com,Olivia Stone,English IV,Management
247,Clerk,Aileen_Harris543@zorer.org,Aileen Harris,Sociology,Research and Development
248,Call Center Representative,Elena_Flack8899@gmail.com,Elena Flack,Grammar,Accounting
249,Stockbroker,Piper_Freeburn3966@supunk.biz,Piper Freeburn,Geography,Operations
250,Clerk,Adela_Walton3267@corti.com,Adela Walton,Spanish,Marketing
251,CNC Operator,Erick_John9597@gmail.com,Erick John,Earth Science,Marketing
252,Health Educator,Sebastian_Dwyer9071@ovock.tech,Sebastian Dwyer,Accounting,Accounting
253,Cashier,Emely_Ulyatt6559@hourpy.biz,Emely Ulyatt,Latin,Accounting
254,Chef Manager,Maria_Edwards5749@gmail.com,Maria Edwards,Economics,Human Resources
255,CNC Operator,Benjamin_Tyrrell5675@twipet.com,Benjamin Tyrrell,Physical Education,Research and Development
256,Systems Administrator,Ethan_Willis1472@ovock.tech,Ethan Willis,Speech,Research and Development
257,Treasurer,Emery_Chadwick9808@fuliss.net,Emery Chadwick,Ecology,IT
258,Ambulatory Nurse,Cassandra_Randall5036@dionrab.com,Cassandra Randall,French,Finance
259,Bellman,Karla_Callan3318@naiker.biz,Karla Callan,Design and technology,Human Resources
260,Biologist,Harry_Kerr6637@extex.org,Harry Kerr,Music,Operations
261,CNC Operator,Rick_Matthews671@kideod.biz,Rick Matthews,Science,Sales
262,Food Technologist,Emmanuelle_Poulton3303@bulaffy.com,Emmanuelle Poulton,Mathematics,Marketing
263,Retail Trainee,Bart_Rogan5949@brety.org,Bart Rogan,Earth Science,Purchasing
264,Pharmacist,Marilyn_Jenkin4133@iatim.tech,Marilyn Jenkin,Latin,Purchasing
265,Ambulatory Nurse,Enoch_Blackwall4522@sheye.org,Enoch Blackwall,Spanish,Accounting
266,Production Painter,Russel_Yoman8876@brety.org,Russel Yoman,Design and technology,Finance
267,Ambulatory Nurse,Mary_Zaoui9354@nanoff.biz,Mary Zaoui,Latin,Purchasing
268,Mobile Developer,Candace_Dann2972@guentu.biz,Candace Dann,English IV,Research and Development
269,Paramedic,Henry_Morris1328@qater.org,Henry Morris,Language Arts,Accounting
270,Clerk,Nicholas_Roberts2828@liret.org,Nicholas Roberts,Sociology,Marketing
271,Retail Trainee,Dasha_Baker67@cispeto.com,Dasha Baker,Leadership,Finance
272,Global Logistics Supervisor,David_Preston9120@guentu.biz,David Preston,German,Finance
273,Production Painter,Daron_Leslie6566@infotech44.tech,Daron Leslie,Resource Program,Accounting
274,Designer,Cara_Avery8476@infotech44.tech,Cara Avery,Language Arts,Marketing
275,Executive Director,Juliet_Kirby7897@ubusive.com,Juliet Kirby,Resource Program,Operations
276,Laboratory Technician,Emely_Penn7428@hourpy.biz,Emely Penn,Earth Science,Accounting
277,Ambulatory Nurse,Sofia_Spencer9170@nanoff.biz,Sofia Spencer,Ecology,Marketing
278,Electrician,Chadwick_Walton3501@brety.org,Chadwick Walton,Leadership,Accounting
279,Auditor,Logan_Jenkins427@deons.tech,Logan Jenkins,American Literature,Finance
280,Systems Administrator,Megan_Norburn4754@elnee.tech,Megan Norburn,Health,Research and Development
281,Insurance Broker,Eileen_Hopkinson2451@dionrab.com,Eileen Hopkinson,Music,Marketing
282,Executive Director,Johnathan_Huggins9634@extex.org,Johnathan Huggins,German,Purchasing
283,Pharmacist,Jacob_Wilcox2469@ubusive.com,Jacob Wilcox,English IV,Management
284,Systems Administrator,Cedrick_Ross9414@extex.org,Cedrick Ross,Health,Finance
285,Mobile Developer,Alexa_Evans7584@muall.tech,Alexa Evans,Sociology,Finance
286,Chef Manager,Lynn_Thornton3912@fuliss.net,Lynn Thornton,Art,Sales
287,Web Developer,Michelle_Overson576@hourpy.biz,Michelle Overson,Dramatics,Human Resources
288,Electrician,Alexia_Yang1825@atink.com,Alexia Yang,Science,Human Resources
289,Global Logistics Supervisor,Barney_Shields7737@gompie.com,Barney Shields,Music,Management
290,Audiologist,Maxwell_Savage3122@fuliss.net,Maxwell Savage,Design and technology,Human Resources
291,Business Broker,Cassidy_Dale4771@jiman.org,Cassidy Dale,Spanish,Marketing
292,Banker,Bristol_Bloom4608@bauros.biz,Bristol Bloom,Language Arts,Accounting
293,Treasurer,Chadwick_Stanley9224@grannar.com,Chadwick Stanley,Handwriting,Purchasing
294,Laboratory Technician,Rosie_Hunter6366@bauros.biz,Rosie Hunter,Art,Management
295,Banker,Vivian_Pierce6275@irrepsy.com,Vivian Pierce,Language Arts,Sales
296,Loan Officer,Nick_Booth3671@gembat.biz,Nick Booth,Design and technology,Purchasing
297,Assistant Buyer,Chloe_Gordon6351@jiman.org,Chloe Gordon,Basic Math,Human Resources
298,Physician,Jane_Gilmore6913@twipet.com,Jane Gilmore,French,Human Resources
299,Stockbroker,Bryon_Kent1163@nickia.com,Bryon Kent,LOGIC,Sales
300,Software Engineer,Kurt_Chester783@nanoff.biz,Kurt Chester,Health,IT
301,Staffing Consultant,Daniel_Dixon1348@irrepsy.com,Daniel Dixon,Language Arts,Accounting
302,Baker,Aleksandra_Burge6049@gmail.com,Aleksandra Burge,Handwriting,Operations
303,Investment  Advisor,Hayden_Simpson8673@supunk.biz,Hayden Simpson,Art,Purchasing
304,Paramedic,Phoebe_Saunders4697@ubusive.com,Phoebe Saunders,Sociology,Finance
305,Restaurant Manager,Marvin_Bennett3693@vetan.org,Marvin Bennett,Geography,Accounting
306,Operator,Noah_Davies6881@deavo.com,Noah Davies,American Literature,Sales
307,Doctor,Rick_Shaw3077@twace.org,Rick Shaw,Resource Program,Research and Development
308,HR Coordinator,Leilani_Page 653@sheye.org,Leilani Page ,Handwriting,Human Resources
309,Dentist,Penny_Wills2276@hourpy.biz,Penny Wills,Sociology,Sales
310,Baker,Camellia_Shelton4928@liret.org,Camellia Shelton,English IV,Marketing
311,Executive Director,Summer_Victor7027@gmail.com,Summer Victor,Trigonometry,IT
312,Design Engineer,Isla_Griffiths5414@typill.biz,Isla Griffiths,Physical Education,Management
313,Production Painter,Benny_Reid3684@nimogy.biz,Benny Reid,Economics,Sales
314,Service Supervisor,Tiffany_Morris6467@typill.biz,Tiffany Morris,Basic Math,Human Resources
315,Loan Officer,Joy_Fields4048@naiker.biz,Joy Fields,Dramatics,Research and Development
316,Software Engineer,Aeris_Sheldon1392@deavo.com,Aeris Sheldon,Science,Management
317,Designer,Elijah_Chapman6597@deavo.com,Elijah Chapman,Grammar,Purchasing
318,Budget Analyst,Rihanna_Hobson7586@nickia.com,Rihanna Hobson,Modern Literature,Operations
319,Ambulatory Nurse,Carter_Cadman2914@dionrab.com,Carter Cadman,Spanish,Purchasing
320,Insurance Broker,Javier_Haines5897@mafthy.com,Javier Haines,Speech,Management
321,Associate Professor,Ramon_Ripley5980@elnee.tech,Ramon Ripley,Trigonometry,Research and Development
322,Physician,Leah_Hooper5781@bauros.biz,Leah Hooper,Modern Literature,Sales
323,Clerk,Manuel_Wallace7947@vetan.org,Manuel Wallace,Leadership,Research and Development
324,Restaurant Manager,Jane_Douglas5497@dionrab.com,Jane Douglas,Physical Education,IT
325,HR Coordinator,Wade_Thomson6918@gompie.com,Wade Thomson,Design and technology,Operations
326,Dentist,Chad_Tyler9148@famism.biz,Chad Tyler,Economics,Human Resources
327,Ambulatory Nurse,Miley_Leslie7423@bulaffy.com,Miley Leslie,French,Purchasing
328,Business Broker,Maxwell_Kaur5721@brety.org,Maxwell Kaur,Music,Purchasing
329,Cook,Eduardo_Walter5165@cispeto.com,Eduardo Walter,Geography,Purchasing
330,Investment  Advisor,Grace_Vernon1674@jiman.org,Grace Vernon,Art,Human Resources
331,Clerk,Ethan_Yard9858@elnee.tech,Ethan Yard,LOGIC,Finance
332,Retail Trainee,Nathan_Russell3733@cispeto.com,Nathan Russell,Handwriting,Purchasing
333,Front Desk Coordinator,Hayden_Villiger1197@sheye.org,Hayden Villiger,Grammar,Human Resources
334,HR Specialist,Eryn_Woodcock9435@typill.biz,Eryn Woodcock,Resource Program,Research and Development
335,CNC Operator,Mya_Nielson5572@twace.org,Mya Nielson,Leadership,Operations
336,Banker,Johnny_Swan1360@corti.com,Johnny Swan,Health,Marketing
337,Banker,Candice_Shaw4878@mafthy.com,Candice Shaw,Leadership,Finance
338,CNC Operator,Candace_Beal564@supunk.biz,Candace Beal,Modern Literature,Operations
339,Cook,Sadie_Woodley7765@yahoo.com,Sadie Woodley,Economics,IT
340,Retail Trainee,Boris_Smith4431@irrepsy.com,Boris Smith,Geography,Research and Development
341,Associate Professor,Leroy_Grant8875@yahoo.com,Leroy Grant,Mathematics,Operations
342,Systems Administrator,Ethan_Cooper2579@twace.org,Ethan Cooper,French,Human Resources
343,Bookkeeper,Eduardo_Myatt355@twipet.com,Eduardo Myatt,English IV,Marketing
344,Investment  Advisor,Benny_Whittle8418@bungar.biz,Benny Whittle,Ecology,Management
345,Dentist,Catherine_Moore1408@yahoo.com,Catherine Moore,Health,Management
346,Auditor,Michael_Parker8546@guentu.biz,Michael Parker,Ancient Civilizations,Marketing
347,Staffing Consultant,Rosemary_Bristow5289@kideod.biz,Rosemary Bristow,Grammar,Purchasing
348,Pharmacist,Michael_Jeffery4641@deons.tech,Michael Jeffery,Accounting,Finance
349,Stockbroker,Caydence_Cunningham4951@brety.org,Caydence Cunningham,Leadership,Research and Development
350,Lecturer,Nick_Rodwell7405@gmail.com,Nick Rodwell,English IV,Operations
351,IT Support Staff,Rose_Cox6655@hourpy.biz,Rose Cox,Resource Program,Accounting
352,Production Painter,Carter_Kirby4935@yahoo.com,Carter Kirby,LOGIC,Purchasing
353,Production Painter,Julius_Rodgers2270@gembat.biz,Julius Rodgers,Trigonometry,Finance
354,Health Educator,Destiny_Strong9790@muall.tech,Destiny Strong,Music,Operations
355,CNC Operator,Mike_Grant4758@acrit.org,Mike Grant,History,Accounting
356,Retail Trainee,Leslie_Clayton7971@yahoo.com,Leslie Clayton,Mathematics,Purchasing
357,Health Educator,Lindsay_Herbert6816@bretoux.com,Lindsay Herbert,English IV,IT
358,Software Engineer,Ramon_Dunbar2518@guentu.biz,Ramon Dunbar,Economics,IT
359,Health Educator,Eryn_Nelson2564@zorer.org,Eryn Nelson,Dramatics,Research and Development
360,Retail Trainee,William_Utterson3295@deavo.com,William Utterson,German,Management
361,Webmaster,Wade_Styles7236@nanoff.biz,Wade Styles,Resource Program,Management
362,Fabricator,Chester_Shaw3627@fuliss.net,Chester Shaw,Science,Marketing
363,Doctor,Harry_Evans6455@zorer.org,Harry Evans,Instrumental Music,Research and Development
364,Pharmacist,Remy_Ebbs2821@bretoux.com,Remy Ebbs,Basic Math,Marketing
365,Call Center Representative,Alan_Bowen6659@bulaffy.com,Alan Bowen,Design and technology,Marketing
366,Food Technologist,Candace_Huggins7114@sheye.org,Candace Huggins,Ecology,Management
367,Loan Officer,Mark_Corbett1237@sheye.org,Mark Corbett,Accounting,Marketing
368,Baker,Sofia_Newman3935@gmail.com,Sofia Newman,Leadership,Management
369,Bellman,Daron_Clifton7666@irrepsy.com,Daron Clifton,Physical Education,Research and Development
370,Physician,Harvey_Greenwood9929@deavo.com,Harvey Greenwood,American Literature,Purchasing
371,Audiologist,Peter_Jones194@gembat.biz,Peter Jones,Handwriting,Sales
372,Pharmacist,Tyler_Stevenson1870@jiman.org,Tyler Stevenson,Language Arts,Human Resources
373,Mobile Developer,Rosemary_Groves4643@sheye.org,Rosemary Groves,Dramatics,Operations
374,Staffing Consultant,Logan_Weston9444@famism.biz,Logan Weston,German,Finance
375,Software Engineer,Barney_Bishop8876@bauros.biz,Barney Bishop,Basic Math,IT
376,Budget Analyst,Enoch_Rose4196@atink.com,Enoch Rose,Trigonometry,Purchasing
377,Production Painter,Remy_Yang4352@kideod.biz,Remy Yang,Dramatics,Sales
378,Inspector,Hannah_Williams3856@acrit.org,Hannah Williams,Instrumental Music,Finance
379,Pharmacist,Bart_Malone1839@sheye.org,Bart Malone,Basic Math,Marketing
380,Biologist,Phillip_Mann9966@zorer.org,Phillip Mann,Leadership,Management
381,Treasurer,Lindsay_Henderson2586@brety.org,Lindsay Henderson,Earth Science,Sales
382,Cash Manager,David_Ward8657@naiker.biz,David Ward,History,IT
383,Paramedic,Logan_Cox1122@deons.tech,Logan Cox,Resource Program,Finance
384,Software Engineer,Analise_Shaw8005@nimogy.biz,Analise Shaw,Instrumental Music,Finance
385,Budget Analyst,Caitlyn_Olson4323@irrepsy.com,Caitlyn Olson,Speech,Marketing
386,Investment  Advisor,Russel_Reyes6656@supunk.biz,Russel Reyes,History,Accounting
387,CNC Operator,Chester_King643@brety.org,Chester King,Sociology,Sales
388,Inspector,Andie_Varley4970@bauros.biz,Andie Varley,Art,Management
389,Laboratory Technician,Deborah_Bolton1296@nickia.com,Deborah Bolton,History,Human Resources
390,Call Center Representative,Manuel_Carson6356@ovock.tech,Manuel Carson,Music,Finance
391,Bookkeeper,Victoria_Gordon5398@nickia.com,Victoria Gordon,Design and technology,Marketing
392,Paramedic,Liliana_Emerson4341@famism.biz,Liliana Emerson,Health,Sales
393,Steward,Domenic_Buckley3428@ovock.tech,Domenic Buckley,Basic Math,IT
394,Paramedic,Cedrick_Simmons8878@acrit.org,Cedrick Simmons,American Literature,Purchasing
395,Fabricator,Bristol_Clifton2955@nanoff.biz,Bristol Clifton,Resource Program,Research and Development
396,Loan Officer,Adalie_Oldfield640@sheye.org,Adalie Oldfield,LOGIC,Marketing
397,Steward,Andrea_Amstead5497@sheye.org,Andrea Amstead,Earth Science,Accounting
398,Insurance Broker,Charlotte_Lane7799@corti.com,Charlotte Lane,History,Purchasing
399,Clerk,Clarissa_Redfern8354@ovock.tech,Clarissa Redfern,Economics,Purchasing
400,Clerk,Nicholas_Overson140@dionrab.com,Nicholas Overson,Trigonometry,Finance
401,Assistant Buyer,Jack_Gallacher7507@mafthy.com,Jack Gallacher,Economics,Research and Development
402,Bookkeeper,Jessica_Randall680@atink.com,Jessica Randall,Modern Literature,Sales
403,Banker,Amelia_Edwards9377@grannar.com,Amelia Edwards,English IV,Purchasing
404,Webmaster,Jayden_Jobson4495@twace.org,Jayden Jobson,Ancient Civilizations,Management
405,Laboratory Technician,Selena_Glass568@kideod.biz,Selena Glass,History,Marketing
406,Banker,Anne_Rowlands6896@bungar.biz,Anne Rowlands,Handwriting,Marketing
407,Lecturer,Matthew_Pierce5358@atink.com,Matthew Pierce,Handwriting,Accounting
408,Health Educator,Natalie_Reynolds3181@cispeto.com,Natalie Reynolds,Physical Education,Accounting
409,Service Supervisor,Lucas_Walker5122@infotech44.tech,Lucas Walker,Health,Human Resources
410,Ambulatory Nurse,Jasmine_Noach8330@twipet.com,Jasmine Noach,English IV,IT
411,Designer,Victoria_Norris3860@acrit.org,Victoria Norris,LOGIC,Finance
412,Designer,Fred_Snell2658@fuliss.net,Fred Snell,Instrumental Music,Operations
413,Healthcare Specialist,Fred_Ring5235@deons.tech,Fred Ring,Dramatics,Operations
414,Cook,Domenic_Fall7485@yahoo.com,Domenic Fall,Speech,Purchasing
415,Staffing Consultant,Enoch_Fall531@gompie.com,Enoch Fall,Modern Literature,Purchasing
416,Health Educator,Rocco_Denton2599@yahoo.com,Rocco Denton,Latin,IT
417,Systems Administrator,Aiden_Robinson5650@cispeto.com,Aiden Robinson,German,Management
418,HR Coordinator,Eduardo_Ulyatt9478@brety.org,Eduardo Ulyatt,History,Purchasing
419,Call Center Representative,Ryan_Hall2278@nickia.com,Ryan Hall,French,Finance
420,Machine Operator,Clarissa_Huggins2654@eirey.tech,Clarissa Huggins,Music,Finance
421,Machine Operator,Gemma_Miller5295@dionrab.com,Gemma Miller,Ecology,Operations
422,Health Educator,Diane_Morris6416@tonsy.org,Diane Morris,Modern Literature,Human Resources
423,Global Logistics Supervisor,Drew_Parker4416@tonsy.org,Drew Parker,Physical Education,Finance
424,Clerk,Nate_Broomfield6844@famism.biz,Nate Broomfield,Leadership,Management
425,Project Manager,Mara_Everett1627@twipet.com,Mara Everett,Earth Science,Accounting
426,Bellman,Nick_Gordon1175@gmail.com,Nick Gordon,Music,Purchasing
427,Mobile Developer,Eduardo_Freeburn4616@nickia.com,Eduardo Freeburn,Economics,Management
428,Call Center Representative,Julius_Brock7314@nickia.com,Julius Brock,LOGIC,Human Resources
429,Doctor,Benny_Fisher8747@hourpy.biz,Benny Fisher,Leadership,Research and Development
430,Accountant,Camila_Tate7243@vetan.org,Camila Tate,Instrumental Music,Research and Development
431,Accountant,Natalie_Vass1207@mafthy.com,Natalie Vass,LOGIC,Finance
432,Banker,Nicole_Lomax6068@mafthy.com,Nicole Lomax,Language Arts,Accounting
433,Retail Trainee,Bob_Hood8091@nickia.com,Bob Hood,American Literature,Research and Development
434,Pharmacist,Mara_Lyon1769@yahoo.com,Mara Lyon,Speech,IT
435,Treasurer,Esmeralda_Andrews4834@brety.org,Esmeralda Andrews,American Literature,IT
436,Call Center Representative,Zoe_Uddin8889@vetan.org,Zoe Uddin,History,IT
437,Project Manager,Quinn_Malone825@guentu.biz,Quinn Malone,Geography,IT
438,Design Engineer,Carina_Wren2798@brety.org,Carina Wren,Language Arts,Operations
439,Healthcare Specialist,Phillip_Casey9403@ubusive.com,Phillip Casey,Art,Accounting
440,Operator,Bob_Redwood6447@liret.org,Bob Redwood,Latin,Research and Development
441,Assistant Buyer,Maya_Fall7678@twace.org,Maya Fall,Dramatics,Finance
442,Bellman,Alan_Tailor329@dionrab.com,Alan Tailor,Ancient Civilizations,IT
443,Staffing Consultant,Benjamin_Cowan9429@irrepsy.com,Benjamin Cowan,Speech,Human Resources
444,Service Supervisor,Julianna_Nayler3636@bulaffy.com,Julianna Nayler,Art,Finance
445,Paramedic,Alessandra_Fox2078@mafthy.com,Alessandra Fox,Grammar,Marketing
446,Assistant Buyer,Leilani_Holmes867@qater.org,Leilani Holmes,Mathematics,Finance
447,Loan Officer,Leroy_Bryson6025@ubusive.com,Leroy Bryson,Spanish,Management
448,Investment  Advisor,Bernadette_Holmes6618@ubusive.com,Bernadette Holmes,Dramatics,Research and Development
449,Cash Manager,Dakota_Lynch8116@qater.org,Dakota Lynch,Ancient Civilizations,Management
450,Audiologist,Daniel_Nayler3915@bauros.biz,Daniel Nayler,Sociology,Human Resources
451,Physician,Harvey_Todd6633@hourpy.biz,Harvey Todd,English IV,Purchasing
452,Banker,Clint_Downing5139@zorer.org,Clint Downing,French,Management
453,Investment  Advisor,Holly_Graham985@gembat.biz,Holly Graham,German,Operations
454,Banker,Tyson_Khan4253@muall.tech,Tyson Khan,Design and technology,Human Resources
455,Paramedic,Tyson_Nicholls5269@atink.com,Tyson Nicholls,American Literature,Human Resources
456,Electrician,Doris_Kerr3304@kideod.biz,Doris Kerr,Instrumental Music,Research and Development
457,Budget Analyst,Lucy_Robertson9036@supunk.biz,Lucy Robertson,Leadership,Human Resources
458,Doctor,Eduardo_Clifton3983@tonsy.org,Eduardo Clifton,Trigonometry,Management
459,Doctor,Cedrick_Wright4337@ubusive.com,Cedrick Wright,Resource Program,Finance
460,Biologist,Violet_Simmons477@bretoux.com,Violet Simmons,History,Purchasing
461,Budget Analyst,Leroy_Vollans5190@typill.biz,Leroy Vollans,Mathematics,IT
462,Restaurant Manager,Leslie_Smith2080@elnee.tech,Leslie Smith,Resource Program,Sales
463,Stockbroker,Hayden_Terry5633@atink.com,Hayden Terry,Physical Education,Operations
464,Restaurant Manager,Payton_Coates5233@nimogy.biz,Payton Coates,Science,Finance
465,HR Coordinator,Ryan_Waterhouse9227@sheye.org,Ryan Waterhouse,Resource Program,Human Resources
466,Doctor,Jackeline_Ainsworth4484@womeona.net,Jackeline Ainsworth,Language Arts,IT
467,Business Broker,Paige_Mullins4423@atink.com,Paige Mullins,Ecology,Finance
468,Electrician,Rylee_Murray7848@sveldo.biz,Rylee Murray,American Literature,Purchasing
469,HR Coordinator,Ciara_Phillips8597@extex.org,Ciara Phillips,Resource Program,Human Resources
470,Software Engineer,Katelyn_Isaac2590@nanoff.biz,Katelyn Isaac,American Literature,Marketing
471,Design Engineer,Chris_Redden3270@extex.org,Chris Redden,Earth Science,Research and Development
472,Clerk,Tess_Nayler6088@irrepsy.com,Tess Nayler,Ancient Civilizations,Sales
473,Operator,Nicholas_Pearson2250@elnee.tech,Nicholas Pearson,Resource Program,Sales
474,Steward,Crystal_Slater8661@atink.com,Crystal Slater,Language Arts,Finance
475,CNC Operator,Louise_Weatcroft6207@brety.org,Louise Weatcroft,Accounting,Finance
476,Physician,Emma_Stevenson2975@mafthy.com,Emma Stevenson,Health,Operations
477,Budget Analyst,Katelyn_Lynn8459@gompie.com,Katelyn Lynn,Latin,Finance
478,Executive Director,Sofie_Taylor7958@sheye.org,Sofie Taylor,Art,Human Resources
479,Machine Operator,Georgia_Lee5141@infotech44.tech,Georgia Lee,Leadership,Management
480,Front Desk Coordinator,Analise_Yates5125@womeona.net,Analise Yates,Ecology,IT
481,Software Engineer,Jazmin_Richardson8669@bretoux.com,Jazmin Richardson,American Literature,Finance
482,CNC Operator,Jolene_Callan5980@corti.com,Jolene Callan,German,Operations
483,Electrician,Julianna_Stark9082@yahoo.com,Julianna Stark,Modern Literature,Human Resources
484,Banker,Dani_Woodcock3441@gembat.biz,Dani Woodcock,Economics,Finance
485,IT Support Staff,Alex_Fall2197@nickia.com,Alex Fall,Mathematics,Operations
486,Executive Director,Danielle_Buckley424@nanoff.biz,Danielle Buckley,Language Arts,IT
487,Software Engineer,Leroy_Lambert753@bungar.biz,Leroy Lambert,Grammar,Management
488,Cash Manager,Hayden_Ward105@muall.tech,Hayden Ward,Speech,Research and Development
489,Banker,Boris_Johnson6669@fuliss.net,Boris Johnson,English IV,Research and Development
490,Banker,Chuck_Moss4128@corti.com,Chuck Moss,Science,Human Resources
491,Executive Director,Anabel_Phillips9507@vetan.org,Anabel Phillips,Spanish,Human Resources
492,Audiologist,Caleb_Archer8004@irrepsy.com,Caleb Archer,Ecology,Finance
493,Treasurer,Colleen_Forth4436@mafthy.com,Colleen Forth,Latin,Marketing
494,Health Educator,Eden_Robertson9550@gompie.com,Eden Robertson,Latin,Marketing
495,Clerk,Fred_Curtis3628@ovock.tech,Fred Curtis,LOGIC,Finance
496,IT Support Staff,Sadie_Ventura4959@joiniaa.com,Sadie Ventura,Modern Literature,Research and Development
497,HR Specialist,Chester_Ross4885@twace.org,Chester Ross,Resource Program,IT
498,Steward,Jacob_Buckley504@sheye.org,Jacob Buckley,Basic Math,Marketing
499,Ambulatory Nurse,Michaela_Durrant7530@nanoff.biz,Michaela Durrant,Dramatics,Purchasing
500,Business Broker,Makenzie_Simpson1292@brety.org,Makenzie Simpson,Health,Finance
501,Global Logistics Supervisor,Isla_Stubbs4046@gmail.com,Isla Stubbs,Trigonometry,Finance
502,Steward,Harry_Hale5842@ubusive.com,Harry Hale,LOGIC,Human Resources
503,Design Engineer,Matthew_Forth5419@typill.biz,Matthew Forth,Geography,Human Resources
504,Pharmacist,Owen_Brown670@qater.org,Owen Brown,Ecology,Finance
505,Physician,Chester_Swan936@gmail.com,Chester Swan,Accounting,Marketing
506,Loan Officer,Nick_Adler5809@ubusive.com,Nick Adler,Ecology,IT
507,Treasurer,Alexander_Fox9833@mafthy.com,Alexander Fox,English IV,Operations
508,Chef Manager,Caleb_Tobin7249@eirey.tech,Caleb Tobin,LOGIC,Research and Development
509,Lecturer,Hayden_Drummond1692@grannar.com,Hayden Drummond,German,Sales
510,Call Center Representative,Dalia_Cowan3513@joiniaa.com,Dalia Cowan,Health,Purchasing
511,HR Specialist,Bridget_Ainsworth161@deavo.com,Bridget Ainsworth,Handwriting,Research and Development
512,Lecturer,Chloe_Flynn8530@gmail.com,Chloe Flynn,Mathematics,Operations
513,Clerk,Makenzie_Simpson4538@supunk.biz,Makenzie Simpson,Economics,IT
514,Pharmacist,Rylee_Keys2666@bauros.biz,Rylee Keys,Sociology,Human Resources
515,Chef Manager,Hayden_Sherwood1031@vetan.org,Hayden Sherwood,Spanish,Research and Development
516,Pharmacist,Kieth_Robinson9370@corti.com,Kieth Robinson,Design and technology,Human Resources
517,Treasurer,Jazmin_Fowler3440@deavo.com,Jazmin Fowler,Speech,Marketing
518,IT Support Staff,Martin_Brock5511@nickia.com,Martin Brock,French,Management
519,Design Engineer,Tom_Mcleod5818@nickia.com,Tom Mcleod,Ancient Civilizations,Accounting
520,Restaurant Manager,Domenic_Chappell4035@guentu.biz,Domenic Chappell,Language Arts,Marketing
521,HR Coordinator,Roger_Zaoui1964@elnee.tech,Roger Zaoui,Design and technology,Purchasing
522,Call Center Representative,Javier_Snell9731@bungar.biz,Javier Snell,English IV,Finance
523,Biologist,Hank_Rossi5451@corti.com,Hank Rossi,Health,Operations
524,Steward,Barney_Butler3054@eirey.tech,Barney Butler,Language Arts,IT
525,Staffing Consultant,Harvey_Lewin5845@dionrab.com,Harvey Lewin,German,Finance
526,Auditor,Selena_Tait5046@sheye.org,Selena Tait,Economics,Sales
527,Staffing Consultant,Kimberly_Stone6997@atink.com,Kimberly Stone,Dramatics,IT
528,Staffing Consultant,Alba_Steer3359@bauros.biz,Alba Steer,Accounting,Operations
529,Webmaster,Tom_Whitehouse1161@nimogy.biz,Tom Whitehouse,Basic Math,Accounting
530,Doctor,Rihanna_Townend8434@brety.org,Rihanna Townend,Geography,IT
531,Accountant,Melody_Locke3904@infotech44.tech,Melody Locke,Latin,Operations
532,Restaurant Manager,Jack_Spencer92@dionrab.com,Jack Spencer,Trigonometry,IT
533,Laboratory Technician,Alison_Walsh8268@extex.org,Alison Walsh,Speech,Marketing
534,Health Educator,Mara_Ripley9462@infotech44.tech,Mara Ripley,Instrumental Music,Accounting
535,IT Support Staff,Jamie_Dann3870@bulaffy.com,Jamie Dann,American Literature,Finance
536,Ambulatory Nurse,Oliver_Wilkinson2500@eirey.tech,Oliver Wilkinson,Physical Education,Management
537,Budget Analyst,Jack_Maxwell6790@deons.tech,Jack Maxwell,Instrumental Music,IT
538,Associate Professor,Mason_Mackenzie6588@corti.com,Mason Mackenzie,Trigonometry,Finance
539,Inspector,Caydence_Radley5861@vetan.org,Caydence Radley,History,Human Resources
540,Fabricator,Russel_Murphy3906@nimogy.biz,Russel Murphy,LOGIC,Finance
541,Loan Officer,Kimberly_Martin5376@deons.tech,Kimberly Martin,Instrumental Music,Management
542,Service Supervisor,Jaylene_Rainford2370@nanoff.biz,Jaylene Rainford,History,Purchasing
543,Executive Director,Oliver_Clarke5726@zorer.org,Oliver Clarke,Instrumental Music,Finance
544,Fabricator,Matthew_Oswald6248@acrit.org,Matthew Oswald,Science,Finance
545,Insurance Broker,Kieth_Benfield6292@liret.org,Kieth Benfield,Mathematics,Human Resources
546,Design Engineer,Emmanuelle_Maxwell2980@sveldo.biz,Emmanuelle Maxwell,Modern Literature,Research and Development
547,Health Educator,Phillip_Mooney875@mafthy.com,Phillip Mooney,English IV,Purchasing
548,Paramedic,Henry_Wilton3415@jiman.org,Henry Wilton,Accounting,Management
549,Accountant,Stephanie_Patel1677@womeona.net,Stephanie Patel,Ancient Civilizations,Operations
550,Accountant,Elena_Graves9819@dionrab.com,Elena Graves,Health,Marketing
551,Loan Officer,Phillip_Ianson6954@womeona.net,Phillip Ianson,Spanish,Sales
552,HR Coordinator,Blake_Oakley1438@infotech44.tech,Blake Oakley,Design and technology,Research and Development
553,Lecturer,Barney_Mackenzie3351@gompie.com,Barney Mackenzie,Speech,Management
554,Business Broker,Nathan_Kennedy4395@sveldo.biz,Nathan Kennedy,Leadership,Purchasing
555,HR Coordinator,Dani_Sanchez6075@corti.com,Dani Sanchez,Trigonometry,Marketing
556,Food Technologist,Leilani_Hale9186@nickia.com,Leilani Hale,Ancient Civilizations,Management
557,Investment  Advisor,Oliver_Evans9885@deavo.com,Oliver Evans,LOGIC,Operations
558,Cash Manager,Fiona_Shaw1463@atink.com,Fiona Shaw,English IV,Management
559,Budget Analyst,Ryan_Brennan6699@cispeto.com,Ryan Brennan,Music,Marketing
560,Food Technologist,Benny_Isaac4971@supunk.biz,Benny Isaac,Physical Education,Management
561,Project Manager,Denny_Driscoll4980@brety.org,Denny Driscoll,Modern Literature,Accounting
562,Systems Administrator,Marvin_Ellis2526@fuliss.net,Marvin Ellis,Latin,Human Resources
563,Insurance Broker,Aiden_Jarvis860@atink.com,Aiden Jarvis,Health,Research and Development
564,Physician,Francesca_Walsh1572@cispeto.com,Francesca Walsh,Handwriting,Research and Development
565,Loan Officer,Piper_Steer8029@nanoff.biz,Piper Steer,Instrumental Music,Purchasing
566,Laboratory Technician,Alan_Thomas3643@infotech44.tech,Alan Thomas,Spanish,Finance
567,Cash Manager,Carina_Benfield8901@deons.tech,Carina Benfield,Science,Operations
568,IT Support Staff,Barry_Rodgers3165@famism.biz,Barry Rodgers,Basic Math,Operations
569,Investment  Advisor,Victoria_Denton1096@qater.org,Victoria Denton,Economics,Accounting
570,Audiologist,Jane_Beal9208@naiker.biz,Jane Beal,French,Purchasing
571,Audiologist,Maggie_Rowe8110@twipet.com,Maggie Rowe,Handwriting,Sales
572,Baker,Fred_Devonport9502@sheye.org,Fred Devonport,Language Arts,Accounting
573,Machine Operator,Savannah_Drummond5209@grannar.com,Savannah Drummond,LOGIC,Marketing
574,Doctor,Enoch_Yang2221@jiman.org,Enoch Yang,Trigonometry,Operations
575,Retail Trainee,Russel_Jones905@kideod.biz,Russel Jones,Accounting,Accounting
576,Electrician,Selena_Collingwood1394@sveldo.biz,Selena Collingwood,French,Marketing
577,Health Educator,Rylee_Clifford6866@joiniaa.com,Rylee Clifford,Economics,Purchasing
578,Systems Administrator,Kate_Stanton5139@grannar.com,Kate Stanton,Earth Science,Accounting
579,Laboratory Technician,Tyson_Wallace3259@zorer.org,Tyson Wallace,English IV,Management
580,Biologist,Manuel_Hunt9039@sveldo.biz,Manuel Hunt,Modern Literature,Sales
581,Lecturer,Cristal_Clarke1084@joiniaa.com,Cristal Clarke,Spanish,Operations
582,Chef Manager,Jayden_Wigley4309@sveldo.biz,Jayden Wigley,Art,Sales
583,Doctor,Ellen_Raven6907@naiker.biz,Ellen Raven,LOGIC,Research and Development
584,Systems Administrator,Ethan_Glass5597@iatim.tech,Ethan Glass,American Literature,Accounting
585,Cash Manager,Emmanuelle_Preston7902@bauros.biz,Emmanuelle Preston,Basic Math,Management
586,Auditor,Matt_Rowan5851@famism.biz,Matt Rowan,Design and technology,Finance
587,Restaurant Manager,Boris_Barclay1425@yahoo.com,Boris Barclay,Modern Literature,Finance
588,Loan Officer,Matthew_Talbot2356@hourpy.biz,Matthew Talbot,Latin,Purchasing
589,Treasurer,Michael_Armstrong2122@famism.biz,Michael Armstrong,Design and technology,Management
590,Biologist,Hailey_Evans7723@ovock.tech,Hailey Evans,History,Purchasing
591,Healthcare Specialist,Havana_York8972@kideod.biz,Havana York,Basic Math,Sales
592,Food Technologist,Ethan_Reid30@extex.org,Ethan Reid,Leadership,Management
593,Loan Officer,Harry_Gonzales5099@naiker.biz,Harry Gonzales,Accounting,Operations
594,Baker,Abdul_Rogers2321@jiman.org,Abdul Rogers,American Literature,Sales
595,Global Logistics Supervisor,Juliette_Exton4097@grannar.com,Juliette Exton,Sociology,Research and Development
596,Treasurer,Noah_Donovan8749@famism.biz,Noah Donovan,English IV,Finance
597,Health Educator,Norah_Hunt3537@irrepsy.com,Norah Hunt,Ecology,Purchasing
598,Stockbroker,Javier_Williams6810@typill.biz,Javier Williams,Ecology,Finance
599,Ambulatory Nurse,Hank_Wilson5285@atink.com,Hank Wilson,Art,Accounting
600,Global Logistics Supervisor,Mark_Bayliss8896@corti.com,Mark Bayliss,Accounting,Marketing
601,Operator,Kieth_Ring4502@twipet.com,Kieth Ring,Physical Education,Human Resources
602,Health Educator,Domenic_Saunders3793@nickia.com,Domenic Saunders,German,IT
603,Loan Officer,Sarah_Patel8650@deons.tech,Sarah Patel,Mathematics,Management
604,Ambulatory Nurse,Carl_Hunter1755@typill.biz,Carl Hunter,German,Purchasing
605,CNC Operator,Joy_Whatson8197@nickia.com,Joy Whatson,French,Operations
606,CNC Operator,Lynn_Campbell7448@joiniaa.com,Lynn Campbell,Modern Literature,Purchasing
607,Biologist,Nathan_Asher1341@liret.org,Nathan Asher,Basic Math,Finance
608,Biologist,Alma_Russell1572@hourpy.biz,Alma Russell,Modern Literature,Accounting
609,Cashier,Nick_Hill1484@acrit.org,Nick Hill,Resource Program,IT
610,Insurance Broker,Bob_Mould752@jiman.org,Bob Mould,Trigonometry,Purchasing
611,Pharmacist,Bart_Lloyd4162@gembat.biz,Bart Lloyd,Latin,Research and Development
612,Production Painter,Jacob_Martin2717@irrepsy.com,Jacob Martin,Physical Education,Marketing
613,Clerk,Cedrick_Hobbs9402@iatim.tech,Cedrick Hobbs,Design and technology,Human Resources
614,Global Logistics Supervisor,Logan_Gray6985@elnee.tech,Logan Gray,Resource Program,Marketing
615,Baker,Anne_Drake7779@corti.com,Anne Drake,Handwriting,Purchasing
616,Clerk,Lily_Andersson9611@muall.tech,Lily Andersson,Mathematics,Finance
617,Health Educator,Greta_Palmer3653@tonsy.org,Greta Palmer,Geography,Sales
618,Stockbroker,Beatrice_Trent6115@mafthy.com,Beatrice Trent,Sociology,Human Resources
619,Web Developer,Rihanna_Oatway7558@ubusive.com,Rihanna Oatway,English IV,Accounting
620,Paramedic,Leilani_Fields8735@gmail.com,Leilani Fields,History,Marketing
621,Electrician,Rosalie_Lewis4872@acrit.org,Rosalie Lewis,Resource Program,Sales
622,HR Specialist,Eduardo_Ward7283@acrit.org,Eduardo Ward,Ancient Civilizations,Sales
623,Budget Analyst,Abdul_Stone4409@irrepsy.com,Abdul Stone,German,Finance
624,Staffing Consultant,Eduardo_Giles1207@brety.org,Eduardo Giles,Resource Program,Sales
625,Biologist,Joyce_Archer5394@guentu.biz,Joyce Archer,Accounting,Accounting
626,Health Educator,Liliana_Bingham3993@supunk.biz,Liliana Bingham,Accounting,Human Resources
627,Cash Manager,Elle_Talbot6116@corti.com,Elle Talbot,Accounting,Finance
628,Project Manager,Sebastian_Windsor4047@ubusive.com,Sebastian Windsor,Health,Operations
629,Restaurant Manager,Lorraine_Wright493@corti.com,Lorraine Wright,Science,Accounting
630,Accountant,Lillian_London8587@joiniaa.com,Lillian London,Dramatics,IT
631,Machine Operator,Rosalie_Harper7431@cispeto.com,Rosalie Harper,German,Purchasing
632,Health Educator,Luke_Palmer6428@brety.org,Luke Palmer,Modern Literature,Purchasing
633,Project Manager,Madelyn_Little9904@vetan.org,Madelyn Little,German,Finance
634,Physician,Rowan_Cann756@nickia.com,Rowan Cann,Modern Literature,Marketing
635,Lecturer,Rebecca_Burnley2933@qater.org,Rebecca Burnley,Resource Program,IT
636,Design Engineer,Hank_Snell700@bauros.biz,Hank Snell,LOGIC,Marketing
637,Ambulatory Nurse,Adalind_Moore8281@acrit.org,Adalind Moore,Speech,Marketing
638,Pharmacist,Emerald_Dunbar277@guentu.biz,Emerald Dunbar,Art,Human Resources
639,Cash Manager,Rosalie_Hamilton5126@acrit.org,Rosalie Hamilton,Language Arts,Research and Development
640,Loan Officer,Leroy_Davies4350@cispeto.com,Leroy Davies,Spanish,Management
641,Ambulatory Nurse,Kieth_Stevens3678@liret.org,Kieth Stevens,Music,Marketing
642,Pharmacist,David_Brooks874@grannar.com,David Brooks,Trigonometry,Marketing
643,Loan Officer,Mark_Larkin7041@typill.biz,Mark Larkin,Dramatics,Finance
644,Chef Manager,Rae_Grey929@fuliss.net,Rae Grey,Accounting,Purchasing
645,IT Support Staff,Martin_Lakey8908@bretoux.com,Martin Lakey,Spanish,Marketing
646,Banker,Carl_Bradshaw2548@cispeto.com,Carl Bradshaw,Instrumental Music,IT
647,Restaurant Manager,Joyce_Allen2177@twace.org,Joyce Allen,Trigonometry,Research and Development
648,Pharmacist,Estrella_Shea6446@supunk.biz,Estrella Shea,Handwriting,Finance
649,Project Manager,Gil_Chapman9213@extex.org,Gil Chapman,Sociology,Purchasing
650,Restaurant Manager,Emerald_Moran6789@twace.org,Emerald Moran,Health,Marketing
651,Loan Officer,Oliver_Wilson7100@gembat.biz,Oliver Wilson,Resource Program,Purchasing
652,Treasurer,Denis_Whatson2668@bungar.biz,Denis Whatson,Economics,IT
653,Retail Trainee,Aeris_Ianson4422@atink.com,Aeris Ianson,Language Arts,Management
654,Investment  Advisor,Peter_Mccall3653@qater.org,Peter Mccall,American Literature,IT
655,HR Coordinator,Aisha_Eddison7724@dionrab.com,Aisha Eddison,Sociology,Marketing
656,Bellman,Kurt_Barrett1447@gmail.com,Kurt Barrett,Grammar,Purchasing
657,Fabricator,Rocco_Ebbs327@irrepsy.com,Rocco Ebbs,Accounting,Accounting
658,Cashier,Thea_Thomas7317@naiker.biz,Thea Thomas,Health,Finance
659,Designer,Rosalyn_Franks6120@bauros.biz,Rosalyn Franks,LOGIC,Research and Development
660,CNC Operator,Gabriel_Goodman3661@iatim.tech,Gabriel Goodman,German,Operations
661,Ambulatory Nurse,Sylvia_Plant171@nickia.com,Sylvia Plant,Trigonometry,Finance
662,Service Supervisor,George_Rixon828@bauros.biz,George Rixon,Ancient Civilizations,Management
663,Systems Administrator,Jack_Roth9119@joiniaa.com,Jack Roth,Economics,Finance
664,Inspector,Nick_Russell4356@twipet.com,Nick Russell,Leadership,Operations
665,Health Educator,Priscilla_Stone 4179@elnee.tech,Priscilla Stone ,Art,Finance
666,Budget Analyst,Hadley_Bingham2071@supunk.biz,Hadley Bingham,Grammar,Human Resources
667,Biologist,Bart_Stark2060@gembat.biz,Bart Stark,Speech,Purchasing
668,IT Support Staff,Tom_Hamilton2140@gompie.com,Tom Hamilton,Economics,Research and Development
669,HR Specialist,Bryon_Aldridge7670@famism.biz,Bryon Aldridge,Art,Finance
670,Audiologist,Taylor_Thornton2049@brety.org,Taylor Thornton,Accounting,Research and Development
671,Retail Trainee,Aiden_Casey2465@womeona.net,Aiden Casey,Basic Math,Finance
672,Auditor,Hope_Morrison4941@bungar.biz,Hope Morrison,Grammar,Finance
673,Cashier,Ramon_Hall488@sveldo.biz,Ramon Hall,Ecology,Operations
674,Laboratory Technician,Cristal_Potter7954@bretoux.com,Cristal Potter,LOGIC,Marketing
675,Project Manager,Violet_Jacobs758@nickia.com,Violet Jacobs,Speech,Human Resources
676,Ambulatory Nurse,Noah_Rowe6074@fuliss.net,Noah Rowe,Physical Education,Research and Development
677,Chef Manager,Katelyn_Warren7473@womeona.net,Katelyn Warren,LOGIC,Purchasing
678,CNC Operator,Kenzie_Rodwell7707@grannar.com,Kenzie Rodwell,American Literature,Accounting
679,Healthcare Specialist,Wade_Weatcroft652@sheye.org,Wade Weatcroft,Design and technology,Accounting
680,Global Logistics Supervisor,Rufus_Wellington2038@iatim.tech,Rufus Wellington,Spanish,IT
681,Paramedic,Carissa_Franks267@infotech44.tech,Carissa Franks,Ancient Civilizations,Human Resources
682,Systems Administrator,Joyce_Campbell5182@cispeto.com,Joyce Campbell,Economics,Marketing
683,IT Support Staff,Logan_Turner7838@extex.org,Logan Turner,Resource Program,Research and Development
684,Service Supervisor,Alan_Robe178@gembat.biz,Alan Robe,LOGIC,Purchasing
685,Webmaster,Tyson_Simpson4403@sheye.org,Tyson Simpson,Physical Education,Purchasing
686,HR Specialist,Daria_Wright4709@typill.biz,Daria Wright,Spanish,Marketing
687,Baker,Nathan_Bowen8180@gompie.com,Nathan Bowen,LOGIC,Sales
688,Associate Professor,Isabella_Ralph7395@elnee.tech,Isabella Ralph,Sociology,Finance
689,Doctor,William_Harris904@gompie.com,William Harris,Health,Accounting
690,Global Logistics Supervisor,Peter_Forester7291@grannar.com,Peter Forester,Ancient Civilizations,IT
691,Steward,Fred_Wood8110@twace.org,Fred Wood,History,Accounting
692,Machine Operator,Ema_Bennett8860@jiman.org,Ema Bennett,Basic Math,Accounting
693,Investment  Advisor,Denny_Parr7782@guentu.biz,Denny Parr,Modern Literature,Sales
694,HR Coordinator,Samantha_Lloyd1037@deons.tech,Samantha Lloyd,Art,Operations
695,Web Developer,Maxwell_Weston7059@grannar.com,Maxwell Weston,Sociology,Research and Development
696,Mobile Developer,Denny_Gavin7183@corti.com,Denny Gavin,Trigonometry,Sales
697,Project Manager,Adalie_Rixon1948@nanoff.biz,Adalie Rixon,Design and technology,Purchasing
698,HR Specialist,Tom_Foxley4020@tonsy.org,Tom Foxley,Mathematics,Operations
699,Design Engineer,Paige_Rose697@nickia.com,Paige Rose,Accounting,Human Resources
700,Budget Analyst,Parker_Tennant5347@nimogy.biz,Parker Tennant,Art,Human Resources
701,Inspector,Carla_Hewitt1414@cispeto.com,Carla Hewitt,Basic Math,IT
702,Business Broker,Mary_Vallory6093@jiman.org,Mary Vallory,Ancient Civilizations,Sales
703,Systems Administrator,Martin_Ashley1133@bulaffy.com,Martin Ashley,Health,Sales
704,Electrician,Christine_Wright8807@nimogy.biz,Christine Wright,Earth Science,Management
705,Global Logistics Supervisor,Owen_Weatcroft5223@ubusive.com,Owen Weatcroft,Physical Education,Human Resources
706,Assistant Buyer,Mona_Wilkinson501@yahoo.com,Mona Wilkinson,Speech,Research and Development
707,Webmaster,Alba_Bingham428@iatim.tech,Alba Bingham,Leadership,Management
708,Loan Officer,Angelina_Zaoui1154@nickia.com,Angelina Zaoui,Grammar,Operations
709,Healthcare Specialist,Danny_Kerr6224@ovock.tech,Danny Kerr,History,Research and Development
710,Chef Manager,Penny_Andrews4798@brety.org,Penny Andrews,Health,Human Resources
711,Lecturer,Aiden_Knott6090@naiker.biz,Aiden Knott,Music,Management
712,Healthcare Specialist,Hank_Shaw5754@infotech44.tech,Hank Shaw,Leadership,Management
713,Operator,Jasmine_Whitmore3200@naiker.biz,Jasmine Whitmore,Sociology,Human Resources
714,Doctor,Nathan_Fleming2800@nimogy.biz,Nathan Fleming,Spanish,Operations
715,IT Support Staff,Jack_Norburn1741@joiniaa.com,Jack Norburn,Art,Sales
716,Accountant,Analise_Jenkin7631@nickia.com,Analise Jenkin,History,Management
717,CNC Operator,Melinda_Lakey3449@bulaffy.com,Melinda Lakey,Art,Human Resources
718,Cash Manager,Sofie_Lindop4085@nickia.com,Sofie Lindop,Leadership,Finance
719,Software Engineer,Denny_Alldridge5347@gompie.com,Denny Alldridge,Sociology,Operations
720,Biologist,Hayden_Robe5626@hourpy.biz,Hayden Robe,Physical Education,Operations
721,Food Technologist,Nicholas_Dyson1935@eirey.tech,Nicholas Dyson,German,Management
722,Web Developer,Tony_Eyres2687@vetan.org,Tony Eyres,English IV,Management
723,Investment  Advisor,Stella_Forth3115@atink.com,Stella Forth,LOGIC,Sales
724,CNC Operator,Mike_Clifton1253@infotech44.tech,Mike Clifton,Health,Operations
725,Budget Analyst,Taylor_Fulton3646@naiker.biz,Taylor Fulton,Grammar,Marketing
726,Bellman,Martin_Isaac4428@bretoux.com,Martin Isaac,Science,Human Resources
727,Staffing Consultant,Enoch_Bolton8722@acrit.org,Enoch Bolton,History,Research and Development
728,Clerk,Marjorie_Jennson4647@kideod.biz,Marjorie Jennson,Sociology,Operations
729,Clerk,Zoe_Hunter1995@ovock.tech,Zoe Hunter,Design and technology,Accounting
730,Stockbroker,Teagan_Whittle5021@cispeto.com,Teagan Whittle,Music,Accounting
731,Cook,Alessia_Noon1944@gmail.com,Alessia Noon,Health,Operations
732,Clerk,Monica_Slater2753@grannar.com,Monica Slater,Health,Purchasing
733,Laboratory Technician,Alexander_Addis2810@womeona.net,Alexander Addis,Modern Literature,Management
734,Front Desk Coordinator,Harriet_Farmer7327@extex.org,Harriet Farmer,Basic Math,IT
735,Project Manager,Peter_Morris59@gompie.com,Peter Morris,Basic Math,Marketing
736,Webmaster,Chelsea_Reid6709@atink.com,Chelsea Reid,American Literature,Finance
737,Clerk,Rosalyn_Shepherd6805@elnee.tech,Rosalyn Shepherd,Sociology,Human Resources
738,Laboratory Technician,Henry_Coll5703@muall.tech,Henry Coll,Grammar,Management
739,Software Engineer,Martha_Brooks790@brety.org,Martha Brooks,Handwriting,Human Resources
740,Executive Director,Ellen_Matthews1145@elnee.tech,Ellen Matthews,Speech,Accounting
741,Paramedic,Josh_Truscott5181@ovock.tech,Josh Truscott,Latin,Research and Development
742,Healthcare Specialist,Alessia_Rose4872@irrepsy.com,Alessia Rose,Earth Science,Human Resources
743,Business Broker,Melody_Taylor6494@bungar.biz,Melody Taylor,LOGIC,Accounting
744,Retail Trainee,Scarlett_Mcgee4480@elnee.tech,Scarlett Mcgee,Geography,Purchasing
745,Electrician,Martin_Rose7623@iatim.tech,Martin Rose,Instrumental Music,Human Resources
746,Call Center Representative,Jacob_Potts2865@atink.com,Jacob Potts,Grammar,Management
747,Machine Operator,Zoe_Harris620@iatim.tech,Zoe Harris,Language Arts,Human Resources
748,IT Support Staff,Oliver_Richardson4038@infotech44.tech,Oliver Richardson,Ancient Civilizations,Accounting
749,Health Educator,Molly_Shaw8446@zorer.org,Molly Shaw,Economics,Marketing
750,Dentist,Janice_Jacobs5496@famism.biz,Janice Jacobs,American Literature,Accounting
751,Retail Trainee,Felicity_Oliver3961@deons.tech,Felicity Oliver,Art,Research and Development
752,Design Engineer,Kamila_Swan182@corti.com,Kamila Swan,Spanish,Sales
753,Banker,Benjamin_Sheldon7555@ovock.tech,Benjamin Sheldon,Ecology,Human Resources
754,Loan Officer,Johnathan_Windsor3196@bauros.biz,Johnathan Windsor,Language Arts,Finance
755,Retail Trainee,Liam_Larsen1187@nimogy.biz,Liam Larsen,Modern Literature,Purchasing
756,Mobile Developer,Mabel_Young1677@tonsy.org,Mabel Young,Leadership,Research and Development
757,Budget Analyst,Samara_Neal4229@eirey.tech,Samara Neal,Speech,Accounting
758,Clerk,Nick_Connell3918@extex.org,Nick Connell,French,Marketing
759,Global Logistics Supervisor,Chuck_Shaw6059@nimogy.biz,Chuck Shaw,Trigonometry,Operations
760,Cook,Peter_Moss606@extex.org,Peter Moss,Leadership,Purchasing
761,Service Supervisor,Harvey_Kennedy9604@twace.org,Harvey Kennedy,French,Purchasing
762,Ambulatory Nurse,Chris_Cameron2263@grannar.com,Chris Cameron,Accounting,Accounting
763,Machine Operator,Mabel_Richards2037@twipet.com,Mabel Richards,Science,Accounting
764,Investment  Advisor,Tess_Mould7787@elnee.tech,Tess Mould,Ancient Civilizations,Sales
765,Health Educator,Ilona_Buckley1867@sheye.org,Ilona Buckley,Sociology,Accounting
766,Auditor,Leroy_Jenkins2112@dionrab.com,Leroy Jenkins,Basic Math,Management
767,Pharmacist,Maxwell_Yoman1005@nickia.com,Maxwell Yoman,LOGIC,Operations
768,Accountant,Harvey_Vallory4302@muall.tech,Harvey Vallory,Music,Marketing
769,Bookkeeper,Dasha_Calderwood9065@nanoff.biz,Dasha Calderwood,Science,Human Resources
770,Chef Manager,Vanessa_Rothwell295@fuliss.net,Vanessa Rothwell,History,Research and Development
771,Design Engineer,Gina_Harris2391@deons.tech,Gina Harris,Trigonometry,Sales
772,Business Broker,Noah_Yarwood9585@cispeto.com,Noah Yarwood,Modern Literature,Operations
773,Laboratory Technician,Alan_Ellwood9856@corti.com,Alan Ellwood,Physical Education,IT
774,Inspector,Rocco_Groves4492@gompie.com,Rocco Groves,French,IT
775,Inspector,Sydney_Niles5814@gompie.com,Sydney Niles,Spanish,Research and Development
776,Cashier,Jayden_Graham2652@gmail.com,Jayden Graham,Music,Purchasing
777,Electrician,Kamila_Cartwright7767@hourpy.biz,Kamila Cartwright,LOGIC,Accounting
778,Health Educator,Cedrick_Palmer2572@bungar.biz,Cedrick Palmer,English IV,Finance
779,Cash Manager,Kurt_Owen7533@infotech44.tech,Kurt Owen,Art,Purchasing
780,Design Engineer,Katelyn_Barclay2003@muall.tech,Katelyn Barclay,Mathematics,Accounting
781,Stockbroker,Emery_Fowler8679@vetan.org,Emery Fowler,Resource Program,Human Resources
782,Healthcare Specialist,Hank_Lowe6779@vetan.org,Hank Lowe,Trigonometry,Human Resources
783,Cashier,Jocelyn_Asher5749@jiman.org,Jocelyn Asher,History,Accounting
784,Software Engineer,Caydence_Shields5568@tonsy.org,Caydence Shields,History,Human Resources
785,Audiologist,Teagan_Carter6278@grannar.com,Teagan Carter,Leadership,Finance
786,Clerk,Emma_Rixon7825@typill.biz,Emma Rixon,English IV,IT
787,Project Manager,Carina_Simpson4269@joiniaa.com,Carina Simpson,Spanish,Management
788,HR Coordinator,Barney_Craig9416@joiniaa.com,Barney Craig,Health,Research and Development
789,Loan Officer,Gwenyth_Victor9947@tonsy.org,Gwenyth Victor,Dramatics,Accounting
790,Associate Professor,Clint_Dann3560@naiker.biz,Clint Dann,Trigonometry,Research and Development
791,Project Manager,Fred_Allen4944@gmail.com,Fred Allen,Resource Program,Operations
792,Retail Trainee,Candace_Collingwood4623@bulaffy.com,Candace Collingwood,Modern Literature,Purchasing
793,Project Manager,Sadie_Wild6337@sveldo.biz,Sadie Wild,Speech,Operations
794,Healthcare Specialist,Fred_Mason9011@zorer.org,Fred Mason,Modern Literature,Sales
795,Retail Trainee,Noah_Umney6982@atink.com,Noah Umney,Mathematics,IT
796,Clerk,Ron_Fowler3297@zorer.org,Ron Fowler,Latin,Human Resources
797,Physician,David_Hope3200@sheye.org,David Hope,History,Marketing
798,Web Developer,Gil_Jennson6593@muall.tech,Gil Jennson,Health,IT
799,Dentist,Audrey_Porter9977@twace.org,Audrey Porter,English IV,Sales
800,Stockbroker,Stephanie_Wren4383@qater.org,Stephanie Wren,Sociology,Operations
801,Chef Manager,Ramon_Mcleod7706@brety.org,Ramon Mcleod,Economics,Accounting
802,Machine Operator,Rufus_King944@nanoff.biz,Rufus King,Art,Accounting
803,Food Technologist,Oliver_Edler3917@nimogy.biz,Oliver Edler,Music,Purchasing
804,Front Desk Coordinator,Mason_Morris9923@tonsy.org,Mason Morris,Language Arts,Operations
805,Staffing Consultant,Jackeline_Tennant6627@jiman.org,Jackeline Tennant,Design and technology,Accounting
806,CNC Operator,Nicholas_Skinner6274@qater.org,Nicholas Skinner,Speech,Accounting
807,Design Engineer,Gwen_Wills2482@bungar.biz,Gwen Wills,Sociology,IT
808,Auditor,Emery_Robinson576@infotech44.tech,Emery Robinson,Ecology,Sales
809,Inspector,Vera_Cadman2844@bauros.biz,Vera Cadman,Grammar,IT
810,Restaurant Manager,Owen_Fulton3802@fuliss.net,Owen Fulton,Physical Education,Human Resources
811,Web Developer,Carla_Atkinson241@bretoux.com,Carla Atkinson,Music,Purchasing
812,Investment  Advisor,Maddison_Kennedy9552@cispeto.com,Maddison Kennedy,Mathematics,IT
813,Clerk,Emery_Lane3323@yahoo.com,Emery Lane,Sociology,Purchasing
814,Mobile Developer,Freya_Coleman2943@sheye.org,Freya Coleman,History,Marketing
815,Bellman,Julius_Ulyatt3084@qater.org,Julius Ulyatt,Accounting,IT
816,Audiologist,Nicholas_Moore6556@yahoo.com,Nicholas Moore,Health,Operations
817,HR Specialist,Eduardo_Kidd7044@sheye.org,Eduardo Kidd,Latin,IT
818,Clerk,Penelope_Reading9466@gembat.biz,Penelope Reading,Grammar,Operations
819,Inspector,Mark_Archer8194@womeona.net,Mark Archer,Basic Math,IT
820,Call Center Representative,Ronald_Needham7269@nanoff.biz,Ronald Needham,Physical Education,Operations
821,Bookkeeper,Johnny_Squire8398@elnee.tech,Johnny Squire,Physical Education,IT
822,HR Specialist,Candace_Kennedy7384@eirey.tech,Candace Kennedy,Accounting,Accounting
823,Systems Administrator,Rosalee_Knight7309@brety.org,Rosalee Knight,Grammar,Human Resources
824,Cashier,Cassandra_Michael7674@dionrab.com,Cassandra Michael,Latin,Research and Development
825,Clerk,Willow_Mcnally8782@irrepsy.com,Willow Mcnally,Health,Operations
826,Production Painter,Kimberly_Tyler6575@mafthy.com,Kimberly Tyler,Spanish,Operations
827,Budget Analyst,Bristol_Sawyer1777@bauros.biz,Bristol Sawyer,Instrumental Music,Marketing
828,Steward,Rick_Andersson4718@acrit.org,Rick Andersson,Design and technology,Purchasing
829,Project Manager,Cameron_Ralph6533@grannar.com,Cameron Ralph,Dramatics,Human Resources
830,Health Educator,Chester_Alldridge8720@ovock.tech,Chester Alldridge,Dramatics,Purchasing
831,Front Desk Coordinator,Chester_Jenkins8577@fuliss.net,Chester Jenkins,Speech,Management
832,Audiologist,Bridget_Irwin8624@atink.com,Bridget Irwin,Leadership,Marketing
833,Service Supervisor,Emerald_Myatt9876@brety.org,Emerald Myatt,Latin,Management
834,HR Specialist,Susan_Potter5834@nickia.com,Susan Potter,Music,Purchasing
835,Cook,Tony_Terry2061@deavo.com,Tony Terry,American Literature,Purchasing
836,Retail Trainee,Tania_Goldsmith4135@naiker.biz,Tania Goldsmith,English IV,Finance
837,CNC Operator,Mona_Baker1804@infotech44.tech,Mona Baker,Leadership,IT
838,Systems Administrator,Fiona_Hobson1805@zorer.org,Fiona Hobson,Instrumental Music,Purchasing
839,Pharmacist,Anabel_Hill117@fuliss.net,Anabel Hill,Art,Finance
840,Machine Operator,Alexa_Gonzales3432@bauros.biz,Alexa Gonzales,Latin,Marketing
841,Paramedic,Peter_Varley2478@eirey.tech,Peter Varley,Spanish,Operations
842,IT Support Staff,Kamila_Drew4700@twipet.com,Kamila Drew,LOGIC,Operations
843,Cash Manager,Gabriel_Janes5078@fuliss.net,Gabriel Janes,Latin,Human Resources
844,Audiologist,Daron_Hopkinson7432@bretoux.com,Daron Hopkinson,Basic Math,IT
845,Project Manager,Hank_Mills3992@gembat.biz,Hank Mills,LOGIC,Finance
846,Global Logistics Supervisor,Cedrick_Hopkins3153@grannar.com,Cedrick Hopkins,French,Accounting
847,Assistant Buyer,Sylvia_Richardson7153@mafthy.com,Sylvia Richardson,Health,IT
848,Web Developer,Harry_Salt9550@kideod.biz,Harry Salt,Instrumental Music,Marketing
849,Bellman,Benny_Shields1134@grannar.com,Benny Shields,Leadership,Marketing
850,Business Broker,Laila_Rehman1190@supunk.biz,Laila Rehman,Latin,Accounting
851,HR Coordinator,Logan_Quinnell9433@jiman.org,Logan Quinnell,Latin,Human Resources
852,Cook,Eryn_Goldsmith6133@famism.biz,Eryn Goldsmith,Latin,Sales
853,Bookkeeper,Havana_Redfern9906@deons.tech,Havana Redfern,Music,Management
854,Designer,Rick_Baker4073@bulaffy.com,Rick Baker,French,Operations
855,Fabricator,Josh_Rowlands8658@sheye.org,Josh Rowlands,German,Research and Development
856,Cashier,Valentina_Stanton1685@bulaffy.com,Valentina Stanton,Dramatics,Management
857,Physician,Alexander_Jenkin9695@nickia.com,Alexander Jenkin,Economics,Research and Development
858,Investment  Advisor,Chad_Stewart6651@acrit.org,Chad Stewart,Resource Program,Accounting
859,Service Supervisor,Chuck_Gaynor1599@guentu.biz,Chuck Gaynor,LOGIC,Marketing
860,Clerk,Lexi_Burnley237@deavo.com,Lexi Burnley,German,IT
861,Doctor,Sadie_Wilson737@tonsy.org,Sadie Wilson,Earth Science,Operations
862,Pharmacist,Peter_Cadman3161@joiniaa.com,Peter Cadman,Sociology,Sales
863,Biologist,Blake_Quinn9339@sveldo.biz,Blake Quinn,Science,Human Resources
864,Software Engineer,Joseph_James4308@naiker.biz,Joseph James,Instrumental Music,Research and Development
865,Bookkeeper,Javier_Brown8924@bulaffy.com,Javier Brown,Mathematics,Sales
866,Chef Manager,Hailey_Wright4197@eirey.tech,Hailey Wright,LOGIC,Marketing
867,Mobile Developer,Crystal_York1056@hourpy.biz,Crystal York,Language Arts,Accounting
868,Retail Trainee,Nicholas_Hill4311@nanoff.biz,Nicholas Hill,American Literature,Research and Development
869,Production Painter,Rufus_Lloyd2464@brety.org,Rufus Lloyd,Instrumental Music,Operations
870,Treasurer,Gabriel_Nelson3191@twace.org,Gabriel Nelson,Resource Program,Management
871,Clerk,Julia_Douglas5833@joiniaa.com,Julia Douglas,Grammar,Human Resources
872,Electrician,Nick_Button5923@infotech44.tech,Nick Button,English IV,Marketing
873,HR Coordinator,Violet_Mitchell7359@bretoux.com,Violet Mitchell,Design and technology,IT
874,Call Center Representative,Javier_Clarke8089@liret.org,Javier Clarke,German,Research and Development
875,Banker,Harry_Hunt1671@liret.org,Harry Hunt,Basic Math,Research and Development
876,Associate Professor,Clint_Styles2673@twace.org,Clint Styles,Art,Human Resources
877,Auditor,Barry_Woods2650@fuliss.net,Barry Woods,Speech,Operations
878,Design Engineer,Ethan_Emmett2429@irrepsy.com,Ethan Emmett,Economics,Sales
879,Production Painter,Adalind_Weston3713@cispeto.com,Adalind Weston,Latin,Purchasing
880,Bellman,Kieth_Gordon7890@gmail.com,Kieth Gordon,Mathematics,Operations
881,HR Coordinator,Denis_Umney186@bauros.biz,Denis Umney,Dramatics,Management
882,Steward,Valerie_Savage546@gmail.com,Valerie Savage,Dramatics,Management
883,Machine Operator,Tyler_Edley8324@bretoux.com,Tyler Edley,Spanish,Finance
884,Fabricator,Alexander_Rees194@atink.com,Alexander Rees,Accounting,Human Resources
885,Lecturer,Katelyn_Jarvis6345@grannar.com,Katelyn Jarvis,Grammar,Sales
886,Loan Officer,Chadwick_Skinner3124@twace.org,Chadwick Skinner,Handwriting,Human Resources
887,Call Center Representative,Fred_Milner3111@brety.org,Fred Milner,Grammar,Management
888,Auditor,Carolyn_Boyle9080@acrit.org,Carolyn Boyle,English IV,Marketing
889,Auditor,Liam_Rixon881@liret.org,Liam Rixon,Accounting,Human Resources
890,Cash Manager,Benjamin_Cartwright9553@iatim.tech,Benjamin Cartwright,Trigonometry,Research and Development
891,Biologist,Harvey_Franks4342@muall.tech,Harvey Franks,Art,Human Resources
892,Loan Officer,Nathan_Parker5981@bulaffy.com,Nathan Parker,LOGIC,IT
893,Retail Trainee,Emmanuelle_Gibson2606@grannar.com,Emmanuelle Gibson,American Literature,Marketing
894,Physician,Percy_Stevens1179@qater.org,Percy Stevens,Ancient Civilizations,Management
895,Fabricator,Matthew_Squire5277@infotech44.tech,Matthew Squire,Accounting,Sales
896,Software Engineer,Owen_Redwood8579@extex.org,Owen Redwood,Trigonometry,Purchasing
897,Banker,Bryon_Wallace7300@liret.org,Bryon Wallace,Earth Science,Operations
898,Biologist,Russel_Lunt5354@ovock.tech,Russel Lunt,Leadership,Finance
899,Bellman,Hope_Thompson1574@gompie.com,Hope Thompson,German,IT
900,Designer,Russel_Hancock8981@infotech44.tech,Russel Hancock,Basic Math,Finance
901,Pharmacist,Harry_Poulton5204@muall.tech,Harry Poulton,Trigonometry,Purchasing
902,Restaurant Manager,Gladys_Warren5180@sheye.org,Gladys Warren,Sociology,Finance
903,Electrician,Benjamin_Sloan5410@nanoff.biz,Benjamin Sloan,Spanish,Research and Development
904,Machine Operator,Lexi_Abbey7723@ovock.tech,Lexi Abbey,Health,Operations
905,Cook,David_Ripley3539@bulaffy.com,David Ripley,Physical Education,Research and Development
906,Ambulatory Nurse,Josh_Robe7664@eirey.tech,Josh Robe,Geography,Sales
907,IT Support Staff,Angelique_Bullock3449@cispeto.com,Angelique Bullock,Ancient Civilizations,IT
908,Global Logistics Supervisor,Lorraine_Irwin4105@famism.biz,Lorraine Irwin,Music,IT
909,Cash Manager,Willow_Robe6589@brety.org,Willow Robe,Speech,IT
910,Global Logistics Supervisor,Chelsea_Jordan2899@guentu.biz,Chelsea Jordan,Leadership,Operations
911,Webmaster,Harry_Ellis9098@irrepsy.com,Harry Ellis,German,Research and Development
912,Chef Manager,Mark_Gosling5113@nickia.com,Mark Gosling,Economics,Management
913,Investment  Advisor,Kassandra_Emerson6644@deons.tech,Kassandra Emerson,Geography,Human Resources
914,Ambulatory Nurse,Ronald_Fenton808@eirey.tech,Ronald Fenton,Mathematics,Human Resources
915,HR Coordinator,Tony_Holmes4655@infotech44.tech,Tony Holmes,Accounting,Purchasing
916,Systems Administrator,Maria_Graves4324@yahoo.com,Maria Graves,American Literature,Operations
917,Dentist,Andie_Yarlett3627@vetan.org,Andie Yarlett,LOGIC,Operations
918,Design Engineer,Chris_Rogers4554@gompie.com,Chris Rogers,Accounting,Research and Development
919,HR Specialist,Grace_Welsch5243@gompie.com,Grace Welsch,Spanish,Marketing
920,Cook,Sabina_Ballard2089@qater.org,Sabina Ballard,Instrumental Music,Research and Development
921,IT Support Staff,Johnny_Raven2103@acrit.org,Johnny Raven,Design and technology,Purchasing
922,Clerk,Claire_Carter4877@gembat.biz,Claire Carter,Earth Science,Operations
923,Food Technologist,Crystal_Overson459@cispeto.com,Crystal Overson,Modern Literature,Sales
924,HR Coordinator,Aiden_Dempsey2465@extex.org,Aiden Dempsey,English IV,Operations
925,Electrician,Mackenzie_Dann2458@deavo.com,Mackenzie Dann,Health,IT
926,Banker,Harry_Shea790@sheye.org,Harry Shea,Speech,Management
927,Stockbroker,Kurt_Jenkins6434@supunk.biz,Kurt Jenkins,Grammar,Sales
928,Production Painter,Rosa_Hunt8554@dionrab.com,Rosa Hunt,Grammar,Purchasing
929,Auditor,Rae_Clarke9536@grannar.com,Rae Clarke,Music,Management
930,Cook,Noemi_Uttley9111@deons.tech,Noemi Uttley,Trigonometry,Accounting
931,Restaurant Manager,Liam_Overson1852@atink.com,Liam Overson,Design and technology,Marketing
932,Staffing Consultant,Logan_Sherry8764@acrit.org,Logan Sherry,Resource Program,Purchasing
933,Mobile Developer,Boris_Dickson1805@qater.org,Boris Dickson,Mathematics,Accounting
934,Audiologist,Josh_King547@muall.tech,Josh King,Resource Program,Management
935,Health Educator,Gil_Rixon2043@gmail.com,Gil Rixon,LOGIC,Purchasing
936,Audiologist,Josh_Allcott9629@nickia.com,Josh Allcott,Ecology,Finance
937,Accountant,Melania_Jones3455@kideod.biz,Melania Jones,Science,Accounting
938,IT Support Staff,Cedrick_Yates2640@typill.biz,Cedrick Yates,Geography,Human Resources
939,Associate Professor,Selena_Thompson2870@twace.org,Selena Thompson,Instrumental Music,Sales
940,Software Engineer,Elijah_Selby9571@bungar.biz,Elijah Selby,Economics,Research and Development
941,Auditor,Jack_Garcia7148@corti.com,Jack Garcia,Art,Operations
942,Software Engineer,Noah_Bowen4631@sveldo.biz,Noah Bowen,Instrumental Music,Marketing
943,Biologist,Harriet_Oliver170@yahoo.com,Harriet Oliver,Health,Operations
944,Fabricator,Ron_Button2542@corti.com,Ron Button,Physical Education,Research and Development
945,Project Manager,Harriet_Thornton3813@gmail.com,Harriet Thornton,Earth Science,Marketing
946,Laboratory Technician,Katelyn_Scott2271@famism.biz,Katelyn Scott,English IV,Operations
947,Project Manager,Nina_Russel1160@brety.org,Nina Russel,Resource Program,Finance
948,Paramedic,Rihanna_Speed8089@bretoux.com,Rihanna Speed,History,IT
949,Project Manager,Matthew_Bright3037@kideod.biz,Matthew Bright,Grammar,Finance
950,Call Center Representative,Rosalyn_Hood7499@dionrab.com,Rosalyn Hood,Basic Math,Accounting
951,Steward,Rocco_Craig1143@sveldo.biz,Rocco Craig,Language Arts,Human Resources
952,HR Coordinator,Bridget_Allen1550@infotech44.tech,Bridget Allen,English IV,Finance
953,Lecturer,Lorraine_Poulton3066@bulaffy.com,Lorraine Poulton,Music,Accounting
954,Ambulatory Nurse,Brad_Emerson2745@ovock.tech,Brad Emerson,German,Marketing
955,Global Logistics Supervisor,Shelby_Sherwood4879@dionrab.com,Shelby Sherwood,Earth Science,Marketing
956,Staffing Consultant,Sonya_Redden3061@jiman.org,Sonya Redden,Resource Program,Purchasing
957,Cook,Andie_Truscott6654@atink.com,Andie Truscott,German,Research and Development
958,Health Educator,Eduardo_Thompson8456@jiman.org,Eduardo Thompson,Art,Human Resources
959,Food Technologist,Chuck_Gordon2110@muall.tech,Chuck Gordon,Physical Education,Sales
960,Cash Manager,Josh_Allwood6787@qater.org,Josh Allwood,Leadership,Purchasing
961,Designer,Elijah_Bingham9131@fuliss.net,Elijah Bingham,Economics,Management
962,Paramedic,Vicky_Nicolas1222@qater.org,Vicky Nicolas,History,Purchasing
963,Food Technologist,Johnathan_Hunt2938@elnee.tech,Johnathan Hunt,Spanish,IT
964,Associate Professor,Charlize_Ashley2660@acrit.org,Charlize Ashley,Science,Finance
965,Banker,Shay_Flynn606@liret.org,Shay Flynn,Basic Math,Sales
966,Lecturer,Alexander_White7527@gmail.com,Alexander White,Health,Marketing
967,Service Supervisor,Nicholas_Walter1659@naiker.biz,Nicholas Walter,Accounting,Marketing
968,Clerk,Ron_Jackson8757@sveldo.biz,Ron Jackson,American Literature,Human Resources
969,Banker,Lily_Driscoll6695@mafthy.com,Lily Driscoll,Art,Human Resources
970,CNC Operator,Gladys_Hunter5858@grannar.com,Gladys Hunter,LOGIC,IT
971,Inspector,Sarah_Redden282@womeona.net,Sarah Redden,Instrumental Music,Operations
972,Project Manager,Domenic_Ogilvy5586@nickia.com,Domenic Ogilvy,Resource Program,Management
973,Production Painter,Julius_Mitchell6185@corti.com,Julius Mitchell,Ecology,Accounting
974,Project Manager,William_Butler9850@extex.org,William Butler,French,Sales
975,Food Technologist,Barney_Dallas7596@deavo.com,Barney Dallas,Sociology,Marketing
976,Associate Professor,Davina_Reid1973@corti.com,Davina Reid,Accounting,Finance
977,Health Educator,Sebastian_Saunders8565@famism.biz,Sebastian Saunders,Geography,Purchasing
978,Auditor,Jacqueline_Mcgee4947@vetan.org,Jacqueline Mcgee,French,Human Resources
979,Call Center Representative,Enoch_Robinson5658@bulaffy.com,Enoch Robinson,Speech,Sales
980,Budget Analyst,Cynthia_Knott5269@guentu.biz,Cynthia Knott,Science,Management
981,Project Manager,Estrella_Bailey7511@grannar.com,Estrella Bailey,Spanish,IT
982,HR Specialist,Nick_Broomfield1743@liret.org,Nick Broomfield,Trigonometry,Operations
983,Machine Operator,Percy_West7094@twace.org,Percy West,Physical Education,Human Resources
984,Staffing Consultant,Harry_Redfern3752@nimogy.biz,Harry Redfern,Earth Science,Operations
985,Fabricator,Anabelle_Thompson5767@ovock.tech,Anabelle Thompson,Economics,Finance
986,Laboratory Technician,Mason_Pearson4491@naiker.biz,Mason Pearson,Dramatics,Marketing
987,Restaurant Manager,Julius_Rigg7740@nimogy.biz,Julius Rigg,Health,Human Resources
988,Treasurer,Harvey_Torres9626@mafthy.com,Harvey Torres,History,Human Resources
989,Auditor,Ethan_London5838@nanoff.biz,Ethan London,Latin,Sales
990,Restaurant Manager,Samara_Norton4684@zorer.org,Samara Norton,Grammar,Finance
991,Chef Manager,Melody_Boden139@sheye.org,Melody Boden,Instrumental Music,Finance
992,Audiologist,Manuel_Larkin1402@liret.org,Manuel Larkin,Art,Marketing
993,IT Support Staff,Cecilia_Amstead6186@grannar.com,Cecilia Amstead,Dramatics,Sales
994,Banker,Michael_James9064@sveldo.biz,Michael James,Language Arts,Sales
995,Operator,Nate_Butler2181@famism.biz,Nate Butler,Sociology,IT
996,Web Developer,Keira_Armstrong3152@nanoff.biz,Keira Armstrong,Dramatics,Purchasing
997,Production Painter,Anne_Moore7596@liret.org,Anne Moore,English IV,Management
998,Production Painter,Matt_Pierce2203@nanoff.biz,Matt Pierce,Geography,Management
999,Laboratory Technician,Joseph_Smith8784@kideod.biz,Joseph Smith,Latin,Research and Development
1000,Chef Manager,Jack_Bright9764@elnee.tech,Jack Bright,Physical Education,Purchasing

