ID,Job Title,Email Address,FirstName LastName,Course
1,Service Supervisor,Luna_Amstead9196@elnee.tech,Luna Amstead,Speech
2,Budget Analyst,Jack_Morgan1492@jiman.org,Jack Morgan,Spanish
3,Doctor,Caleb_Horton5172@twipet.com,Caleb Horton,History
4,Webmaster,Alessia_Wooldridge5857@famism.biz,Alessia Wooldridge,Economics
5,Service Supervisor,Benjamin_Robinson6837@nimogy.biz,Benjamin Robinson,Sociology
6,Cash Manager,Logan_Higgs9612@atink.com,Logan Higgs,Language Arts
7,Baker,Jayden_Coleman1441@jiman.org,Jayden Coleman,Ancient Civilizations
8,Project Manager,Kurt_Dunbar3072@infotech44.tech,Kurt Dunbar,Ancient Civilizations
9,Steward,Rick_Denton3822@tonsy.org,Rick Denton,Ecology
10,Treasurer,Ronald_Edmonds5703@nimogy.biz,Ronald Edmonds,Language Arts
11,Banker,Chadwick_Garner1375@cispeto.com,Chadwick Garner,Earth Science
12,Restaurant Manager,Judith_Wills7729@dionrab.com,Judith Wills,Instrumental Music
13,Stockbroker,Nicholas_Lindop7358@naiker.biz,Nicholas Lindop,English IV
14,CNC Operator,Sasha_Morgan9724@eirey.tech,Sasha Morgan,Sociology
15,Cash Manager,Benjamin_Bryant5810@muall.tech,Benjamin Bryant,Instrumental Music
16,Chef Manager,Danny_Varndell4447@hourpy.biz,Danny Varndell,Sociology
17,Bookkeeper,Cedrick_Cadman1232@nimogy.biz,Cedrick Cadman,Spanish
18,Executive Director,Roger_Whatson8957@joiniaa.com,Roger Whatson,Language Arts
19,Business Broker,Ellen_Yard2627@gmail.com,Ellen Yard,Earth Science
20,Retail Trainee,Candace_Harrison4097@fuliss.net,Candace Harrison,Accounting
21,Production Painter,Elijah_Nanton9679@twace.org,Elijah Nanton,History
22,Baker,Doug_Hunt5650@bretoux.com,Doug Hunt,Dramatics
23,Mobile Developer,Mandy_Phillips2474@famism.biz,Mandy Phillips,American Literature
24,Machine Operator,Ronald_Poulton4602@muall.tech,Ronald Poulton,Modern Literature
25,Bellman,Luke_Vernon6777@nanoff.biz,Luke Vernon,Dramatics
26,Paramedic,Adeline_Brooks2806@irrepsy.com,Adeline Brooks,Language Arts
27,HR Specialist,Mara_Bayliss485@infotech44.tech,Mara Bayliss,Music
28,Laboratory Technician,Emely_Silva9651@gompie.com,Emely Silva,Geography
29,Retail Trainee,Rita_King4785@liret.org,Rita King,Speech
30,Budget Analyst,Tony_Reyes1555@fuliss.net,Tony Reyes,Ecology
31,Web Developer,Cristal_Morrison5697@supunk.biz,Cristal Morrison,Dramatics
32,Executive Director,Chris_Fulton6695@bauros.biz,Chris Fulton,Spanish
33,Auditor,Jazmin_Vernon5882@cispeto.com,Jazmin Vernon,Science
34,Audiologist,Chelsea_Graham2541@sveldo.biz,Chelsea Graham,Mathematics
35,Designer,Sienna_Hood9676@naiker.biz,Sienna Hood,Handwriting
36,Global Logistics Supervisor,Hadley_Ashwell1883@corti.com,Hadley Ashwell,American Literature
37,Biologist,Charlotte_Potts4645@bauros.biz,Charlotte Potts,Physical Education
38,Lecturer,Ethan_Fox5087@twipet.com,Ethan Fox,Art
39,Design Engineer,Javier_Hope2727@tonsy.org,Javier Hope,History
40,Electrician,Clint_Rose9713@zorer.org,Clint Rose,Latin
41,Front Desk Coordinator,Nicholas_Addley54@dionrab.com,Nicholas Addley,German
42,Accountant,Kieth_Irwin3562@bungar.biz,Kieth Irwin,Instrumental Music
43,Call Center Representative,Anais_Zaoui5044@famism.biz,Anais Zaoui,German
44,Bellman,Miley_Daniells3005@guentu.biz,Miley Daniells,Handwriting
45,Clerk,Aeris_Palmer8949@corti.com,Aeris Palmer,Economics
46,Service Supervisor,Javier_Flanders2152@typill.biz,Javier Flanders,Latin
47,Designer,Amelia_Camden2547@kideod.biz,Amelia Camden,Design and technology
48,Web Developer,Maia_Stuart8180@naiker.biz,Maia Stuart,Language Arts
49,Associate Professor,Chris_Vallory1875@nanoff.biz,Chris Vallory,LOGIC
50,HR Coordinator,Mark_Thompson4509@ubusive.com,Mark Thompson,Mathematics
51,Restaurant Manager,Nancy_Squire2366@gembat.biz,Nancy Squire,Ancient Civilizations
52,Budget Analyst,Angela_Watson4236@deons.tech,Angela Watson,Design and technology
53,Service Supervisor,Gabriel_Pierce6985@brety.org,Gabriel Pierce,Spanish
54,Electrician,Kurt_Upton6440@deons.tech,Kurt Upton,History
55,Doctor,Russel_Casey1256@grannar.com,Russel Casey,History
56,Cash Manager,Shay_Cooper5701@acrit.org,Shay Cooper,Economics
57,Staffing Consultant,Phillip_Stewart770@ovock.tech,Phillip Stewart,English IV
58,Healthcare Specialist,Nathan_Yates5994@irrepsy.com,Nathan Yates,German
59,Restaurant Manager,Jessica_Russell1271@twace.org,Jessica Russell,Earth Science
60,Mobile Developer,Sebastian_Redfern5370@muall.tech,Sebastian Redfern,English IV
61,Operator,Shannon_Herbert3806@elnee.tech,Shannon Herbert,Design and technology
62,Fabricator,Sasha_Fox1464@bulaffy.com,Sasha Fox,History
63,Dentist,Deborah_Walsh901@sveldo.biz,Deborah Walsh,Earth Science
64,Auditor,Ramon_Clarkson2203@guentu.biz,Ramon Clarkson,English IV
65,Chef Manager,Nick_Oswald2946@fuliss.net,Nick Oswald,Physical Education
66,HR Coordinator,Benjamin_Ianson210@liret.org,Benjamin Ianson,Music
67,Food Technologist,Ember_Mcgee2256@bretoux.com,Ember Mcgee,Mathematics
68,Web Developer,Amy_Weatcroft5491@naiker.biz,Amy Weatcroft,Physical Education
69,Webmaster,Isla_Redwood5471@gompie.com,Isla Redwood,History
70,Systems Administrator,Gabriel_Tanner8928@hourpy.biz,Gabriel Tanner,French
71,Chef Manager,Daron_Latham8818@twipet.com,Daron Latham,Leadership
72,Inspector,Sadie_Mitchell5831@extex.org,Sadie Mitchell,Economics
73,Executive Director,Barney_Alexander2220@extex.org,Barney Alexander,Ecology
74,Banker,Tyler_John6438@yahoo.com,Tyler John,Music
75,Food Technologist,Lucy_Pratt4883@hourpy.biz,Lucy Pratt,Music
76,IT Support Staff,Jacob_Paterson5087@ubusive.com,Jacob Paterson,Handwriting
77,Doctor,Javier_Alcroft5823@naiker.biz,Javier Alcroft,Ecology
78,Banker,David_Spencer8243@famism.biz,David Spencer,Instrumental Music
79,Associate Professor,Harry_Victor2601@typill.biz,Harry Victor,Accounting
80,Design Engineer,Mason_Dowson1672@nanoff.biz,Mason Dowson,Economics
81,Assistant Buyer,Henry_Vernon6605@irrepsy.com,Henry Vernon,Resource Program
82,HR Coordinator,Vera_Russell2341@naiker.biz,Vera Russell,Leadership
83,Bellman,Mason_Appleton7797@corti.com,Mason Appleton,Music
84,Bookkeeper,Mona_Ebden5188@twipet.com,Mona Ebden,Dramatics
85,Webmaster,Hayden_Redden6091@yahoo.com,Hayden Redden,LOGIC
86,Bellman,Nancy_Ralph5720@infotech44.tech,Nancy Ralph,Grammar
87,Steward,Shay_Shelton177@iatim.tech,Shay Shelton,Spanish
88,HR Specialist,Mona_Brown6877@tonsy.org,Mona Brown,Handwriting
89,Call Center Representative,Rosalyn_Fall1809@jiman.org,Rosalyn Fall,Resource Program
90,Call Center Representative,Owen_Fleming7659@liret.org,Owen Fleming,Resource Program
91,Assistant Buyer,Martha_Craig5301@cispeto.com,Martha Craig,LOGIC
92,Investment  Advisor,Alexa_Young6709@nickia.com,Alexa Young,Dramatics
93,Audiologist,Gabriel_Santos8441@zorer.org,Gabriel Santos,Music
94,Staffing Consultant,Agnes_Evans6984@ovock.tech,Agnes Evans,Latin
95,Cook,Lucas_Edler4037@famism.biz,Lucas Edler,Basic Math
96,Loan Officer,Natalie_Truscott6881@atink.com,Natalie Truscott,Science
97,Associate Professor,Margaret_Allen5857@eirey.tech,Margaret Allen,Spanish
98,Biologist,Danny_Santos3580@grannar.com,Danny Santos,Trigonometry
99,Physician,Skylar_Abbot5531@guentu.biz,Skylar Abbot,History
100,Stockbroker,Sebastian_Ainsworth6196@jiman.org,Sebastian Ainsworth,Sociology
101,Operator,Abdul_Saunders7097@famism.biz,Abdul Saunders,Art
102,Baker,Kirsten_Farrow7005@dionrab.com,Kirsten Farrow,History
103,Executive Director,Dalia_Watson4980@nimogy.biz,Dalia Watson,Geography
104,Front Desk Coordinator,Aisha_Allen2573@extex.org,Aisha Allen,Health
105,Ambulatory Nurse,Sebastian_Morrison9835@nimogy.biz,Sebastian Morrison,Health
106,Banker,Emerald_Snell5085@iatim.tech,Emerald Snell,Latin
107,Banker,Samantha_Tanner8162@fuliss.net,Samantha Tanner,Instrumental Music
108,Loan Officer,Wade_Alldridge5636@twace.org,Wade Alldridge,Modern Literature
109,Audiologist,Gabriel_Hopkinson648@bretoux.com,Gabriel Hopkinson,Resource Program
110,Call Center Representative,Leah_Oliver3984@grannar.com,Leah Oliver,American Literature
111,Budget Analyst,Christine_Grady655@twace.org,Christine Grady,English IV
112,Production Painter,Jayden_Long9769@zorer.org,Jayden Long,Music
113,Bellman,Paula_Tate5590@muall.tech,Paula Tate,Music
114,Global Logistics Supervisor,Maxwell_Clarkson3265@twace.org,Maxwell Clarkson,Leadership
115,Clerk,Charlize_Simmons4601@nickia.com,Charlize Simmons,Mathematics
116,Stockbroker,Rachael_Ingham9959@nimogy.biz,Rachael Ingham,Modern Literature
117,Global Logistics Supervisor,Colleen_Glynn4439@womeona.net,Colleen Glynn,French
118,Cashier,Sloane_Walton9071@qater.org,Sloane Walton,History
119,Retail Trainee,Adeline_Kennedy9954@eirey.tech,Adeline Kennedy,American Literature
120,Fabricator,Lynn_Addison1945@bungar.biz,Lynn Addison,Leadership
121,Assistant Buyer,Candice_Abbey9430@liret.org,Candice Abbey,Health
122,Web Developer,Denny_Eyres5957@mafthy.com,Denny Eyres,Health
123,Operator,Madelyn_James8126@sveldo.biz,Madelyn James,French
124,Lecturer,Joseph_Walsh4467@bungar.biz,Joseph Walsh,Instrumental Music
125,Food Technologist,Destiny_Ebden6034@joiniaa.com,Destiny Ebden,Ancient Civilizations
126,Baker,John_Alcroft6298@mafthy.com,John Alcroft,Instrumental Music
127,Web Developer,Marigold_Addley6648@kideod.biz,Marigold Addley,Grammar
128,Audiologist,Doug_Richards8198@gompie.com,Doug Richards,Earth Science
129,Restaurant Manager,Benny_Gordon2991@zorer.org,Benny Gordon,Ancient Civilizations
130,Systems Administrator,Goldie_Nielson1818@eirey.tech,Goldie Nielson,Health
131,Cashier,Logan_Butler5260@brety.org,Logan Butler,Dramatics
132,Auditor,Trisha_Fowler4767@yahoo.com,Trisha Fowler,Music
133,Production Painter,Hayden_Healy8259@qater.org,Hayden Healy,Economics
134,Assistant Buyer,Juliette_Turner7088@supunk.biz,Juliette Turner,Resource Program
135,Doctor,Lucas_Ogilvy1914@deons.tech,Lucas Ogilvy,Resource Program
136,Baker,Maxwell_Clarke8538@infotech44.tech,Maxwell Clarke,Language Arts
137,Inspector,Winnie_Calderwood8443@twace.org,Winnie Calderwood,Speech
138,Insurance Broker,Bristol_Murray4146@gembat.biz,Bristol Murray,History
139,Laboratory Technician,Manuel_Tindall3266@naiker.biz,Manuel Tindall,Art
140,Web Developer,Adalind_Whittle9462@kideod.biz,Adalind Whittle,Ancient Civilizations
141,Electrician,Rowan_Howard8739@brety.org,Rowan Howard,Latin
142,Insurance Broker,Vera_Reid2671@nanoff.biz,Vera Reid,Science
143,Web Developer,Sage_Evans8689@mafthy.com,Sage Evans,Earth Science
144,Design Engineer,Camellia_Williams1886@brety.org,Camellia Williams,Dramatics
145,Health Educator,Bob_Oatway6904@eirey.tech,Bob Oatway,Latin
146,Machine Operator,Nina_Marshall4795@twipet.com,Nina Marshall,Resource Program
147,Design Engineer,Anthony_Power6119@sheye.org,Anthony Power,Science
148,Designer,Vera_Pierce8473@qater.org,Vera Pierce,Art
149,HR Specialist,Chad_Phillips12@gmail.com,Chad Phillips,Art
150,CNC Operator,Stella_Saunders9198@jiman.org,Stella Saunders,English IV
151,Global Logistics Supervisor,Alan_Chappell2947@deavo.com,Alan Chappell,Spanish
152,Cook,Nick_Saunders9668@acrit.org,Nick Saunders,Grammar
153,Bellman,Rocco_Dempsey4027@infotech44.tech,Rocco Dempsey,Grammar
154,Banker,Manuel_Osmond9243@qater.org,Manuel Osmond,Modern Literature
155,Food Technologist,Claire_Rixon4896@zorer.org,Claire Rixon,Ecology
156,Healthcare Specialist,Julius_James1304@deons.tech,Julius James,Basic Math
157,CNC Operator,David_Yarlett158@gembat.biz,David Yarlett,Leadership
158,Fabricator,Boris_Addison3097@mafthy.com,Boris Addison,Grammar
159,Baker,Daniel_Shepherd8630@qater.org,Daniel Shepherd,Trigonometry
160,Food Technologist,Hannah_Griffiths4971@jiman.org,Hannah Griffiths,Instrumental Music
161,Laboratory Technician,Stacy_Adams8758@kideod.biz,Stacy Adams,Science
162,Global Logistics Supervisor,Chad_Mann6460@bungar.biz,Chad Mann,Physical Education
163,Global Logistics Supervisor,Ethan_Shaw2735@brety.org,Ethan Shaw,Trigonometry
164,Bookkeeper,Macy_Ainsworth2385@nimogy.biz,Macy Ainsworth,Latin
165,Doctor,Diane_Sinclair9469@jiman.org,Diane Sinclair,Sociology
166,Audiologist,Maia_Poole1321@grannar.com,Maia Poole,Resource Program
167,Physician,Sadie_Durrant9158@gembat.biz,Sadie Durrant,Health
168,Assistant Buyer,Sloane_Ventura5209@tonsy.org,Sloane Ventura,LOGIC
169,Business Broker,Liv_Lee7658@jiman.org,Liv Lee,Art
170,HR Coordinator,Domenic_Ramsey6621@eirey.tech,Domenic Ramsey,Resource Program
171,Loan Officer,Matthew_Fall1825@naiker.biz,Matthew Fall,History
172,Machine Operator,Deborah_Jackson4889@eirey.tech,Deborah Jackson,Language Arts
173,Investment  Advisor,Darlene_Bright827@ubusive.com,Darlene Bright,Speech
174,Associate Professor,Drew_Fields2920@zorer.org,Drew Fields,Leadership
175,Dentist,Cassidy_Lee9561@zorer.org,Cassidy Lee,Design and technology
176,Budget Analyst,Aurelia_Morley4124@vetan.org,Aurelia Morley,Modern Literature
177,Inspector,Nicholas_Walsh109@gembat.biz,Nicholas Walsh,Handwriting
178,Steward,John_Bailey9228@nanoff.biz,John Bailey,Art
179,Banker,Stephanie_Mould9091@atink.com,Stephanie Mould,Language Arts
180,Cook,Gil_Summers3861@hourpy.biz,Gil Summers,Language Arts
181,Retail Trainee,Roger_Spencer7125@vetan.org,Roger Spencer,Latin
182,Physician,Roger_Coates6572@sveldo.biz,Roger Coates,Latin
183,Associate Professor,Carol_Pickard6965@ovock.tech,Carol Pickard,Geography
184,Cashier,Chad_Robertson4635@bretoux.com,Chad Robertson,Language Arts
185,Associate Professor,Matthew_Fleming3879@jiman.org,Matthew Fleming,Design and technology
186,Web Developer,Noah_Moss5616@yahoo.com,Noah Moss,Ancient Civilizations
187,Executive Director,Oliver_Edler413@sheye.org,Oliver Edler,Health
188,Ambulatory Nurse,Aiden_Shields8676@muall.tech,Aiden Shields,Leadership
189,Call Center Representative,Javier_Ebden2948@gembat.biz,Javier Ebden,LOGIC
190,Design Engineer,Esmeralda_Vinton8292@yahoo.com,Esmeralda Vinton,Leadership
191,Insurance Broker,Alex_Allen9364@nimogy.biz,Alex Allen,American Literature
192,Operator,Leroy_Woods5366@dionrab.com,Leroy Woods,American Literature
193,Associate Professor,Helen_Donnelly6294@typill.biz,Helen Donnelly,Art
194,Global Logistics Supervisor,Doug_Ainsworth8107@grannar.com,Doug Ainsworth,Science
195,Inspector,Ramon_Jenkins7462@gompie.com,Ramon Jenkins,Science
196,Electrician,George_Wooldridge9608@infotech44.tech,George Wooldridge,Music
197,Auditor,Rocco_Oakley1477@brety.org,Rocco Oakley,Mathematics
198,Machine Operator,Matthew_Patel2204@sveldo.biz,Matthew Patel,Ecology
199,Service Supervisor,Hayden_Ellery1399@guentu.biz,Hayden Ellery,Music
200,Healthcare Specialist,Barry_Neville4837@bulaffy.com,Barry Neville,Science
201,Baker,Logan_Jackson8381@nimogy.biz,Logan Jackson,Language Arts
202,Fabricator,Rufus_Wilde8173@qater.org,Rufus Wilde,Science
203,Associate Professor,Colleen_Walsh4635@deavo.com,Colleen Walsh,Trigonometry
204,Executive Director,Harriet_Locke743@fuliss.net,Harriet Locke,Design and technology
205,Production Painter,Doug_Appleton8186@nanoff.biz,Doug Appleton,French
206,Restaurant Manager,Bob_Richards4238@sheye.org,Bob Richards,Sociology
207,Front Desk Coordinator,Nick_Jackson500@yahoo.com,Nick Jackson,Speech
208,Web Developer,Sasha_Utterson1936@vetan.org,Sasha Utterson,Language Arts
209,Systems Administrator,Ema_Stewart6879@hourpy.biz,Ema Stewart,German
210,Mobile Developer,Angela_Robe6886@deavo.com,Angela Robe,Spanish
211,Physician,Bridget_Nurton9458@joiniaa.com,Bridget Nurton,Geography
212,Design Engineer,Aiden_Stevens9653@jiman.org,Aiden Stevens,Trigonometry
213,Assistant Buyer,Catherine_Fleming5458@sheye.org,Catherine Fleming,Speech
214,Executive Director,Tiffany_Thorne9376@fuliss.net,Tiffany Thorne,Sociology
215,IT Support Staff,Anais_Jones3303@sheye.org,Anais Jones,Latin
216,Laboratory Technician,Elle_Vangness2046@nickia.com,Elle Vangness,Mathematics
217,Design Engineer,Boris_Harris5702@gompie.com,Boris Harris,Leadership
218,Front Desk Coordinator,Sylvia_Johnson9304@eirey.tech,Sylvia Johnson,Accounting
219,Cook,Emery_Cooper3938@zorer.org,Emery Cooper,Ecology
220,Designer,Marla_Chapman4967@muall.tech,Marla Chapman,Accounting
221,Software Engineer,Jacob_Tobin1121@jiman.org,Jacob Tobin,Design and technology
222,Paramedic,Colleen_Rycroft4501@sveldo.biz,Colleen Rycroft,Art
223,Inspector,Barry_Addley5192@jiman.org,Barry Addley,Design and technology
224,Electrician,Megan_Kidd7879@qater.org,Megan Kidd,Earth Science
225,Dentist,Gloria_Nicolas9151@supunk.biz,Gloria Nicolas,History
226,Food Technologist,Morgan_Allwood9644@sheye.org,Morgan Allwood,Economics
227,Cash Manager,Owen_Tait7686@womeona.net,Owen Tait,Grammar
228,Audiologist,Alan_Cassidy3880@naiker.biz,Alan Cassidy,Art
229,Fabricator,Bob_Hamilton4221@gmail.com,Bob Hamilton,German
230,Loan Officer,Mark_Butler7108@brety.org,Mark Butler,Ancient Civilizations
231,Chef Manager,Rosie_Nash5012@kideod.biz,Rosie Nash,Latin
232,Lecturer,Hayden_Taylor3288@naiker.biz,Hayden Taylor,Latin
233,Service Supervisor,Charlotte_Williams6177@jiman.org,Charlotte Williams,Accounting
234,Healthcare Specialist,Shannon_Khan3883@bretoux.com,Shannon Khan,Resource Program
235,Design Engineer,Lucas_Lindsay8040@acrit.org,Lucas Lindsay,History
236,Software Engineer,Tyson_Needham3226@yahoo.com,Tyson Needham,Dramatics
237,Software Engineer,Emery_Drake5841@gembat.biz,Emery Drake,German
238,Web Developer,Marie_Drake4564@deavo.com,Marie Drake,Leadership
239,Steward,Matt_Farrow1571@sveldo.biz,Matt Farrow,Handwriting
240,IT Support Staff,Cassandra_Thomson4332@nickia.com,Cassandra Thomson,Dramatics
241,Electrician,Margaret_Smith2296@sveldo.biz,Margaret Smith,Basic Math
242,Web Developer,Chad_May894@nickia.com,Chad May,Music
243,Health Educator,Doug_Watt6468@nanoff.biz,Doug Watt,Spanish
244,Health Educator,Enoch_Mcnally9350@gompie.com,Enoch Mcnally,Music
245,Design Engineer,Benny_Murphy5330@gompie.com,Benny Murphy,LOGIC
246,Baker,Kurt_Brooks6045@sheye.org,Kurt Brooks,French
247,Budget Analyst,Dani_Michael4290@brety.org,Dani Michael,Leadership
248,Food Technologist,Shay_Slater5041@brety.org,Shay Slater,Trigonometry
249,Service Supervisor,Carl_Smith5255@yahoo.com,Carl Smith,Ancient Civilizations
250,Paramedic,Phillip_Garner1088@joiniaa.com,Phillip Garner,Trigonometry
251,Designer,Kendra_Vaughn3969@acrit.org,Kendra Vaughn,Health
252,IT Support Staff,Barney_Payne8491@tonsy.org,Barney Payne,American Literature
253,Ambulatory Nurse,Chadwick_Rust8431@eirey.tech,Chadwick Rust,History
254,Electrician,Eduardo_Rivers7462@twace.org,Eduardo Rivers,Modern Literature
255,Software Engineer,Clint_Talbot3146@corti.com,Clint Talbot,Handwriting
256,Pharmacist,Matthew_Wright3790@infotech44.tech,Matthew Wright,Ancient Civilizations
257,Bellman,Mike_Flynn8474@eirey.tech,Mike Flynn,Ecology
258,Cash Manager,Caleb_Pope1714@gmail.com,Caleb Pope,French
259,Web Developer,Cassandra_Edley2078@vetan.org,Cassandra Edley,German
260,Lecturer,Hank_Buckley7035@twace.org,Hank Buckley,French
261,Biologist,Candice_Ellison2832@qater.org,Candice Ellison,Leadership
262,Fabricator,Lorraine_Oatway8811@grannar.com,Lorraine Oatway,Sociology
263,Food Technologist,Tyler_Rainford1193@corti.com,Tyler Rainford,Basic Math
264,Bookkeeper,Russel_Smith3416@eirey.tech,Russel Smith,Dramatics
265,Production Painter,Marvin_Rainford1299@extex.org,Marvin Rainford,German
266,Production Painter,Erick_Reyes5132@elnee.tech,Erick Reyes,LOGIC
267,Budget Analyst,Joseph_Edwards694@infotech44.tech,Joseph Edwards,Physical Education
268,Laboratory Technician,Domenic_Olson6346@tonsy.org,Domenic Olson,Economics
269,IT Support Staff,Darlene_Dobson5976@cispeto.com,Darlene Dobson,Sociology
270,Investment  Advisor,Joseph_Osman5662@yahoo.com,Joseph Osman,Accounting
271,Investment  Advisor,Zara_Baker557@irrepsy.com,Zara Baker,Resource Program
272,Assistant Buyer,Denis_Adams2778@atink.com,Denis Adams,Resource Program
273,Insurance Broker,Gemma_Giles7989@nimogy.biz,Gemma Giles,Resource Program
274,Webmaster,Tom_Daniells9270@nickia.com,Tom Daniells,Ecology
275,Food Technologist,Ruth_Robertson9330@bauros.biz,Ruth Robertson,Science
276,Fabricator,Elle_Morgan7150@muall.tech,Elle Morgan,Trigonometry
277,Audiologist,Mason_Talbot3584@acrit.org,Mason Talbot,Geography
278,Web Developer,Harmony_Bell3522@zorer.org,Harmony Bell,Science
279,Cashier,Johnathan_Herbert7996@bretoux.com,Johnathan Herbert,Design and technology
280,Healthcare Specialist,Abdul_Isaac4042@vetan.org,Abdul Isaac,Dramatics
281,Clerk,Celia_Gregory424@gembat.biz,Celia Gregory,Mathematics
282,Healthcare Specialist,Harry_Andrews3209@elnee.tech,Harry Andrews,Instrumental Music
283,Accountant,Boris_Cooper8742@extex.org,Boris Cooper,American Literature
284,Cash Manager,Russel_Daniells3244@nimogy.biz,Russel Daniells,Modern Literature
285,Auditor,Ellen_Downing7304@irrepsy.com,Ellen Downing,Spanish
286,Design Engineer,Georgia_Ellis6616@qater.org,Georgia Ellis,Health
287,Steward,Gemma_Osmond8870@twace.org,Gemma Osmond,Spanish
288,Project Manager,Emerald_Norburn6328@kideod.biz,Emerald Norburn,Grammar
289,IT Support Staff,Abbey_Bailey5092@ubusive.com,Abbey Bailey,Spanish
290,Biologist,Rose_Mason9555@guentu.biz,Rose Mason,Sociology
291,Pharmacist,Quinn_Jenkins1277@kideod.biz,Quinn Jenkins,Instrumental Music
292,HR Coordinator,Marissa_Ellwood5673@atink.com,Marissa Ellwood,Science
293,Retail Trainee,Tyson_Lewis174@sveldo.biz,Tyson Lewis,Basic Math
294,Webmaster,Naomi_Hepburn5307@typill.biz,Naomi Hepburn,Speech
295,Banker,Leslie_Wooldridge2401@deavo.com,Leslie Wooldridge,Art
296,Staffing Consultant,Nicholas_Mccormick108@extex.org,Nicholas Mccormick,Leadership
297,Machine Operator,Anabel_Dobson1810@muall.tech,Anabel Dobson,Ecology
298,Web Developer,Aiden_Sawyer7806@zorer.org,Aiden Sawyer,Leadership
299,Electrician,Moira_Evans6468@atink.com,Moira Evans,Accounting
300,Mobile Developer,Rufus_Middleton4278@eirey.tech,Rufus Middleton,Spanish
301,Business Broker,Naomi_Grant1217@liret.org,Naomi Grant,Music
302,Cashier,Barry_Jenkin1474@atink.com,Barry Jenkin,Geography
303,Ambulatory Nurse,Aileen_Zaoui8518@zorer.org,Aileen Zaoui,Physical Education
304,Investment  Advisor,Marina_Avery8468@supunk.biz,Marina Avery,Trigonometry
305,Bookkeeper,Rick_Dale3997@iatim.tech,Rick Dale,Health
306,Auditor,Eduardo_Atkinson6456@typill.biz,Eduardo Atkinson,Language Arts
307,Operator,Sebastian_Morris9984@muall.tech,Sebastian Morris,Sociology
308,Webmaster,Lara_Clarkson9054@qater.org,Lara Clarkson,Health
309,Mobile Developer,Nina_Saunders2536@muall.tech,Nina Saunders,Physical Education
310,Audiologist,Chad_Santos6899@elnee.tech,Chad Santos,Health
311,Budget Analyst,Roger_Allcott244@bauros.biz,Roger Allcott,Resource Program
312,Physician,Natalie_Thatcher9009@yahoo.com,Natalie Thatcher,Dramatics
313,Steward,Fiona_Gardner9723@liret.org,Fiona Gardner,Ancient Civilizations
314,Cash Manager,Chelsea_Gilbert2603@gmail.com,Chelsea Gilbert,Music
315,Mobile Developer,Sonya_Stark8277@bulaffy.com,Sonya Stark,Economics
316,Accountant,Marvin_Stone7487@deavo.com,Marvin Stone,Instrumental Music
317,Auditor,Luke_Garner6830@elnee.tech,Luke Garner,Earth Science
318,Webmaster,Javier_Rodwell11@ubusive.com,Javier Rodwell,Ancient Civilizations
319,Assistant Buyer,Alexander_Norton9262@bungar.biz,Alexander Norton,Health
320,Banker,John_Nicolas1182@twace.org,John Nicolas,Sociology
321,Steward,Denis_Ventura5181@iatim.tech,Denis Ventura,Music
322,HR Specialist,Martin_Norton9413@brety.org,Martin Norton,Resource Program
323,Dentist,Chad_Ring5719@famism.biz,Chad Ring,Ecology
324,Cashier,Hadley_Calderwood7866@sveldo.biz,Hadley Calderwood,German
325,Fabricator,Chris_Rosenbloom2982@acrit.org,Chris Rosenbloom,Sociology
326,Cashier,Cedrick_Ogilvy7011@twace.org,Cedrick Ogilvy,Basic Math
327,Web Developer,Julia_Saunders1953@zorer.org,Julia Saunders,Latin
328,Stockbroker,Elisabeth_Lloyd743@nimogy.biz,Elisabeth Lloyd,American Literature
329,Call Center Representative,Lucas_Benfield5331@sveldo.biz,Lucas Benfield,Physical Education
330,Restaurant Manager,Matt_Griffiths3680@iatim.tech,Matt Griffiths,Dramatics
331,Mobile Developer,Callie_Ballard9313@tonsy.org,Callie Ballard,Spanish
332,Web Developer,Melanie_Russell2410@eirey.tech,Melanie Russell,Geography
333,Associate Professor,Payton_Ventura6666@dionrab.com,Payton Ventura,Speech
334,Staffing Consultant,Joseph_Khan194@guentu.biz,Joseph Khan,LOGIC
335,Food Technologist,Nate_Ring2360@acrit.org,Nate Ring,Leadership
336,Auditor,Carol_Johnson5111@liret.org,Carol Johnson,Health
337,Budget Analyst,Elena_Cattell8632@ubusive.com,Elena Cattell,Earth Science
338,Food Technologist,Chelsea_Weldon5625@ovock.tech,Chelsea Weldon,Leadership
339,Lecturer,Carina_Jefferson2900@famism.biz,Carina Jefferson,Geography
340,Staffing Consultant,Abdul_Dann9011@infotech44.tech,Abdul Dann,Modern Literature
341,Design Engineer,Peyton_Plumb9726@liret.org,Peyton Plumb,Mathematics
342,Software Engineer,Logan_Larsen5459@acrit.org,Logan Larsen,Ecology
343,Inspector,Violet_Jefferson5061@nickia.com,Violet Jefferson,Modern Literature
344,HR Coordinator,Sydney_Selby6489@nickia.com,Sydney Selby,Mathematics
345,Cash Manager,Erick_Haines3054@irrepsy.com,Erick Haines,English IV
346,Staffing Consultant,Michael_Ward9121@kideod.biz,Michael Ward,Dramatics
347,Bookkeeper,Ciara_Ellwood3588@bauros.biz,Ciara Ellwood,Instrumental Music
348,Webmaster,Shannon_Lewin1542@jiman.org,Shannon Lewin,Modern Literature
349,Staffing Consultant,Kieth_Underhill376@gmail.com,Kieth Underhill,French
350,CNC Operator,Caleb_Poulton1891@ovock.tech,Caleb Poulton,History
351,Staffing Consultant,Isabella_Walter5853@vetan.org,Isabella Walter,Ecology
352,Staffing Consultant,Tony_Woodcock1773@womeona.net,Tony Woodcock,Handwriting
353,Dentist,Rick_Chapman4751@zorer.org,Rick Chapman,American Literature
354,Associate Professor,Owen_Miller8626@extex.org,Owen Miller,Grammar
355,Front Desk Coordinator,Luna_Griffiths7729@deavo.com,Luna Griffiths,Accounting
356,HR Coordinator,Sabina_Turner641@typill.biz,Sabina Turner,Science
357,Cook,Percy_Armstrong2234@typill.biz,Percy Armstrong,Science
358,Treasurer,Enoch_Vince3151@dionrab.com,Enoch Vince,American Literature
359,Software Engineer,John_Thorpe384@dionrab.com,John Thorpe,Instrumental Music
360,Clerk,Gladys_Rowlands286@brety.org,Gladys Rowlands,Leadership
361,Electrician,Carl_Cameron2306@irrepsy.com,Carl Cameron,Mathematics
362,Production Painter,Rosalie_Powell8264@dionrab.com,Rosalie Powell,Health
363,Healthcare Specialist,Boris_Kelly6504@twipet.com,Boris Kelly,Health
364,Doctor,Ryan_Harris268@gmail.com,Ryan Harris,Science
365,Lecturer,Livia_Richards7413@twace.org,Livia Richards,Ecology
366,Loan Officer,Taylor_Vallins4267@deons.tech,Taylor Vallins,Design and technology
367,Paramedic,Peyton_Edwards1918@joiniaa.com,Peyton Edwards,Speech
368,Assistant Buyer,Abbey_Buckley377@joiniaa.com,Abbey Buckley,Design and technology
369,Cashier,Kurt_Rixon2784@fuliss.net,Kurt Rixon,Instrumental Music
370,Staffing Consultant,Juliet_Booth105@acrit.org,Juliet Booth,Dramatics
371,Staffing Consultant,Louise_Hunter9509@elnee.tech,Louise Hunter,Modern Literature
372,Machine Operator,Anthony_Stubbs8559@jiman.org,Anthony Stubbs,Mathematics
373,Machine Operator,Marla_Bolton49@nimogy.biz,Marla Bolton,LOGIC
374,Baker,Brad_Mitchell4053@nimogy.biz,Brad Mitchell,History
375,Retail Trainee,Percy_Isaac3781@bretoux.com,Percy Isaac,Trigonometry
376,Retail Trainee,Kenzie_Upsdell9822@gompie.com,Kenzie Upsdell,Basic Math
377,Service Supervisor,Courtney_Whitehouse6609@supunk.biz,Courtney Whitehouse,French
378,Project Manager,Anne_Warren6207@deavo.com,Anne Warren,French
379,Auditor,Sonya_Norris4644@deavo.com,Sonya Norris,Physical Education
380,Healthcare Specialist,Sonya_Vinton4379@bauros.biz,Sonya Vinton,Science
381,Lecturer,Liam_Jones8984@bretoux.com,Liam Jones,Language Arts
382,Investment  Advisor,Mark_Rust3034@yahoo.com,Mark Rust,Leadership
383,Fabricator,David_Richards8235@dionrab.com,David Richards,Geography
384,Production Painter,Tyler_Powell5433@nanoff.biz,Tyler Powell,Grammar
385,Front Desk Coordinator,Paula_Cooper4703@brety.org,Paula Cooper,Ancient Civilizations
386,Clerk,Ryan_Cartwright9213@iatim.tech,Ryan Cartwright,English IV
387,HR Coordinator,Johnny_Miller5530@joiniaa.com,Johnny Miller,German
388,Laboratory Technician,Alan_Needham3060@liret.org,Alan Needham,Earth Science
389,Bookkeeper,Rosalyn_Adams2274@joiniaa.com,Rosalyn Adams,Accounting
390,Designer,Evie_Smith1403@dionrab.com,Evie Smith,Earth Science
391,Cashier,Beatrice_Tate4573@hourpy.biz,Beatrice Tate,Physical Education
392,Front Desk Coordinator,Sebastian_Shields7301@corti.com,Sebastian Shields,Modern Literature
393,Audiologist,Nate_Swift7734@ovock.tech,Nate Swift,Design and technology
394,HR Specialist,Denny_Thompson2409@qater.org,Denny Thompson,Science
395,Inspector,Doug_Terry9119@womeona.net,Doug Terry,Sociology
396,Loan Officer,Adelaide_Silva622@mafthy.com,Adelaide Silva,Trigonometry
397,Healthcare Specialist,Cedrick_Kelly5551@zorer.org,Cedrick Kelly,Modern Literature
398,Machine Operator,Belinda_Vangness8603@mafthy.com,Belinda Vangness,Language Arts
399,Steward,Rick_Anderson6988@nanoff.biz,Rick Anderson,Science
400,Laboratory Technician,Isabella_Clarkson3007@famism.biz,Isabella Clarkson,Latin
401,Bellman,Hayden_Nelson599@zorer.org,Hayden Nelson,Sociology
402,Health Educator,Rhea_Andersson4330@nickia.com,Rhea Andersson,Ecology
403,Cash Manager,Liam_King4285@womeona.net,Liam King,Health
404,Ambulatory Nurse,Alexander_Jeffery8013@joiniaa.com,Alexander Jeffery,Grammar
405,HR Specialist,Rocco_Curtis7262@deons.tech,Rocco Curtis,Economics
406,Audiologist,Elise_Jenkin463@cispeto.com,Elise Jenkin,Geography
407,Ambulatory Nurse,Tania_Turner5439@sveldo.biz,Tania Turner,Basic Math
408,Ambulatory Nurse,Michaela_Harper354@ubusive.com,Michaela Harper,Instrumental Music
409,Systems Administrator,Samantha_Fox2375@twipet.com,Samantha Fox,LOGIC
410,Electrician,Juliette_Norburn2671@kideod.biz,Juliette Norburn,Geography
411,Biologist,Hank_Harrison8667@nimogy.biz,Hank Harrison,Design and technology
412,Global Logistics Supervisor,Hayden_Hall3432@cispeto.com,Hayden Hall,Accounting
413,Treasurer,Janice_Fowler1412@deons.tech,Janice Fowler,Art
414,Banker,George_Brennan2850@womeona.net,George Brennan,Design and technology
415,Production Painter,Winnie_Olson8227@famism.biz,Winnie Olson,Basic Math
416,Staffing Consultant,Lillian_Cunningham3200@nanoff.biz,Lillian Cunningham,Ecology
417,Insurance Broker,Sofia_Walton5194@muall.tech,Sofia Walton,LOGIC
418,Healthcare Specialist,Dasha_Pickard7285@yahoo.com,Dasha Pickard,German
419,CNC Operator,Chelsea_Victor2862@elnee.tech,Chelsea Victor,Sociology
420,Investment  Advisor,Hank_Norman8055@famism.biz,Hank Norman,Geography
421,Stockbroker,Barney_Hopkins879@acrit.org,Barney Hopkins,Modern Literature
422,Treasurer,Enoch_Hale3168@ovock.tech,Enoch Hale,Speech
423,Clerk,Logan_Coates1185@supunk.biz,Logan Coates,Economics
424,Food Technologist,Payton_Martin3986@acrit.org,Payton Martin,Science
425,Fabricator,Ruby_Boyle712@kideod.biz,Ruby Boyle,Economics
426,Project Manager,Elijah_Stevenson6732@vetan.org,Elijah Stevenson,English IV
427,Health Educator,Carl_Walton2653@twace.org,Carl Walton,Modern Literature
428,Designer,Noah_Whatson3858@nimogy.biz,Noah Whatson,Design and technology
429,Business Broker,Eduardo_Durrant8177@jiman.org,Eduardo Durrant,German
430,Software Engineer,Grace_Bishop7607@guentu.biz,Grace Bishop,Modern Literature
431,Audiologist,Daron_Taylor9960@deavo.com,Daron Taylor,Design and technology
432,Machine Operator,Sebastian_Simpson5636@deavo.com,Sebastian Simpson,Art
433,Chef Manager,David_Rodwell1103@infotech44.tech,David Rodwell,Earth Science
434,Machine Operator,Georgia_Ebbs625@guentu.biz,Georgia Ebbs,American Literature
435,Retail Trainee,Kirsten_Baxter5695@liret.org,Kirsten Baxter,Modern Literature
436,HR Specialist,Celina_Wilkinson8091@bulaffy.com,Celina Wilkinson,English IV
437,CNC Operator,Adina_Grant5092@dionrab.com,Adina Grant,Ancient Civilizations
438,Pharmacist,Kenzie_Mann5529@kideod.biz,Kenzie Mann,Speech
439,Loan Officer,Chester_Saunders5396@sveldo.biz,Chester Saunders,American Literature
440,Fabricator,Adelaide_Antcliff4625@iatim.tech,Adelaide Antcliff,Earth Science
441,IT Support Staff,Oliver_Simpson9972@twace.org,Oliver Simpson,Science
442,Cashier,Hadley_Harris4160@typill.biz,Hadley Harris,Music
443,Call Center Representative,Hank_Power5941@yahoo.com,Hank Power,Physical Education
444,HR Specialist,Carmen_Walsh5968@eirey.tech,Carmen Walsh,Ancient Civilizations
445,Fabricator,Kieth_Morgan4420@atink.com,Kieth Morgan,Leadership
446,Designer,Ron_Holt2857@fuliss.net,Ron Holt,Art
447,Pharmacist,Jayden_Walsh9244@supunk.biz,Jayden Walsh,Accounting
448,Service Supervisor,Ally_Lane9480@sheye.org,Ally Lane,American Literature
449,Retail Trainee,Caleb_Vincent1743@brety.org,Caleb Vincent,Resource Program
450,Mobile Developer,Clint_Leigh9244@gompie.com,Clint Leigh,Earth Science
451,Dentist,Fred_Mills9430@tonsy.org,Fred Mills,Modern Literature
452,Health Educator,John_Truscott897@hourpy.biz,John Truscott,Music
453,Clerk,William_Needham2634@twipet.com,William Needham,Health
454,Treasurer,Molly_Gaynor6330@yahoo.com,Molly Gaynor,Instrumental Music
455,Staffing Consultant,Mason_Truscott7788@irrepsy.com,Mason Truscott,Leadership
456,Retail Trainee,Ryan_Clarke6797@yahoo.com,Ryan Clarke,Earth Science
457,Front Desk Coordinator,Eve_Mcgee6886@nickia.com,Eve Mcgee,Design and technology
458,Design Engineer,Jayden_Bristow4990@fuliss.net,Jayden Bristow,Instrumental Music
459,Call Center Representative,Noah_Lewis3173@guentu.biz,Noah Lewis,Economics
460,Chef Manager,Luke_Dallas7201@infotech44.tech,Luke Dallas,Design and technology
461,Restaurant Manager,Ethan_Vinton9575@brety.org,Ethan Vinton,Geography
462,Laboratory Technician,Peyton_Tate6459@twipet.com,Peyton Tate,French
463,Machine Operator,Jocelyn_Edwards2660@infotech44.tech,Jocelyn Edwards,Basic Math
464,Business Broker,Hanna_Samuel6878@elnee.tech,Hanna Samuel,Design and technology
465,Loan Officer,Luke_Alexander9343@hourpy.biz,Luke Alexander,French
466,Cook,Carla_Shaw9956@bulaffy.com,Carla Shaw,Handwriting
467,Investment  Advisor,Gemma_Hill19@typill.biz,Gemma Hill,Ancient Civilizations
468,Dentist,Selena_Jefferson2146@famism.biz,Selena Jefferson,Music
469,Systems Administrator,Joyce_Hunt7982@brety.org,Joyce Hunt,Economics
470,Operator,Nicole_Ross6582@famism.biz,Nicole Ross,Latin
471,Systems Administrator,Tyson_Lee9281@gembat.biz,Tyson Lee,Handwriting
472,Laboratory Technician,Marvin_Burnley5112@bungar.biz,Marvin Burnley,Grammar
473,Global Logistics Supervisor,Caleb_Dunbar9081@twipet.com,Caleb Dunbar,Leadership
474,Restaurant Manager,Marigold_Pearce4143@mafthy.com,Marigold Pearce,Modern Literature
475,Call Center Representative,Kurt_Olivier1104@nickia.com,Kurt Olivier,Instrumental Music
476,Cash Manager,Rosie_Hogg7371@gmail.com,Rosie Hogg,English IV
477,Physician,Jack_Gibson2458@ubusive.com,Jack Gibson,Physical Education
478,Front Desk Coordinator,John_Fall3408@famism.biz,John Fall,Art
479,HR Coordinator,Maria_Irving3053@bauros.biz,Maria Irving,Ancient Civilizations
480,Loan Officer,Ron_Jarvis4666@infotech44.tech,Ron Jarvis,Basic Math
481,Dentist,Barney_Bailey5586@acrit.org,Barney Bailey,Design and technology
482,Designer,Bernadette_Newton9635@womeona.net,Bernadette Newton,Geography
483,Call Center Representative,Leslie_Doherty6513@typill.biz,Leslie Doherty,Economics
484,Chef Manager,Benny_Woodley772@gembat.biz,Benny Woodley,Handwriting
485,Audiologist,Ellen_Morley1292@bauros.biz,Ellen Morley,Economics
486,Mobile Developer,Rita_Parker5199@famism.biz,Rita Parker,Basic Math
487,Loan Officer,Georgia_Murray9483@twipet.com,Georgia Murray,Speech
488,Pharmacist,Marla_Owen1214@kideod.biz,Marla Owen,American Literature
489,Chef Manager,Emma_Powell1773@kideod.biz,Emma Powell,Ancient Civilizations
490,Systems Administrator,Russel_Gosling1118@gembat.biz,Russel Gosling,Resource Program
491,Ambulatory Nurse,Chad_Savage6288@twipet.com,Chad Savage,Earth Science
492,Web Developer,Phillip_Robertson2573@muall.tech,Phillip Robertson,LOGIC
493,Insurance Broker,Ivette_Pierce2621@elnee.tech,Ivette Pierce,Latin
494,Systems Administrator,Crystal_Booth8615@acrit.org,Crystal Booth,Health
495,Operator,Lucas_Savage6425@guentu.biz,Lucas Savage,Earth Science
496,Executive Director,Bob_Owens5672@typill.biz,Bob Owens,Language Arts
497,Budget Analyst,Alexander_Andrews9217@bauros.biz,Alexander Andrews,Music
498,Stockbroker,Marla_Grady941@nanoff.biz,Marla Grady,Trigonometry
499,Retail Trainee,Keira_Dobson6612@ovock.tech,Keira Dobson,Handwriting
500,Machine Operator,Chadwick_Driscoll5641@sveldo.biz,Chadwick Driscoll,German
501,Stockbroker,Britney_Underhill5204@qater.org,Britney Underhill,German
502,Loan Officer,Luke_Dickson2907@deavo.com,Luke Dickson,Design and technology
503,Web Developer,Jayden_Hill3264@extex.org,Jayden Hill,Trigonometry
504,Cash Manager,Bryon_Lynch4400@tonsy.org,Bryon Lynch,Instrumental Music
505,Machine Operator,Ronald_Attwood9885@atink.com,Ronald Attwood,Ancient Civilizations
506,Insurance Broker,Roger_Buckley4546@ovock.tech,Roger Buckley,Earth Science
507,Fabricator,Clarissa_Latham7347@kideod.biz,Clarissa Latham,Earth Science
508,Operator,Brad_Bradley3624@twipet.com,Brad Bradley,Economics
509,Doctor,Alessandra_Lunt5800@tonsy.org,Alessandra Lunt,German
510,Bookkeeper,Rufus_Fox4507@brety.org,Rufus Fox,Modern Literature
511,Project Manager,David_Verdon6455@iatim.tech,David Verdon,Spanish
512,Food Technologist,Wade_Hobbs1624@ubusive.com,Wade Hobbs,German
513,Staffing Consultant,Danny_Dubois4577@grannar.com,Danny Dubois,Ancient Civilizations
514,Physician,Lorraine_Nobbs4031@acrit.org,Lorraine Nobbs,Resource Program
515,Systems Administrator,Sebastian_Rogers9149@cispeto.com,Sebastian Rogers,Science
516,Bookkeeper,Peter_Carpenter7534@elnee.tech,Peter Carpenter,Mathematics
517,Webmaster,Denis_Windsor4907@jiman.org,Denis Windsor,Trigonometry
518,Retail Trainee,Domenic_Nelson9628@infotech44.tech,Domenic Nelson,Music
519,Accountant,Carter_Miller9667@guentu.biz,Carter Miller,Resource Program
520,Food Technologist,Hank_Wallace8079@acrit.org,Hank Wallace,Trigonometry
521,Steward,Josh_Fox6918@famism.biz,Josh Fox,Instrumental Music
522,Stockbroker,Luke_Lyon9530@ubusive.com,Luke Lyon,Basic Math
523,Healthcare Specialist,Priscilla_Chapman3013@jiman.org,Priscilla Chapman,Design and technology
524,Clerk,Angelica_Stewart3887@joiniaa.com,Angelica Stewart,Ancient Civilizations
525,Stockbroker,Hank_Yard8512@deavo.com,Hank Yard,Sociology
526,HR Specialist,Harvey_Chapman676@elnee.tech,Harvey Chapman,Leadership
527,Restaurant Manager,Makena_Long5847@sheye.org,Makena Long,English IV
528,Business Broker,Parker_Ventura731@corti.com,Parker Ventura,Language Arts
529,Associate Professor,Denis_Becker4095@gmail.com,Denis Becker,English IV
530,Pharmacist,Danny_Morgan9304@guentu.biz,Danny Morgan,Geography
531,Stockbroker,Kieth_Little5243@gmail.com,Kieth Little,Basic Math
532,Cash Manager,Bethany_Lane4471@nanoff.biz,Bethany Lane,Design and technology
533,Mobile Developer,Chuck_Ellwood7661@guentu.biz,Chuck Ellwood,Economics
534,Associate Professor,Janelle_Wellington1232@sheye.org,Janelle Wellington,German
535,Banker,David_Shields321@zorer.org,David Shields,Sociology
536,Dentist,Rosa_Thomson8946@nickia.com,Rosa Thomson,Latin
537,Clerk,Erick_Hopkinson6644@corti.com,Erick Hopkinson,LOGIC
538,Cash Manager,Mandy_Cooper8661@deons.tech,Mandy Cooper,Ecology
539,Investment  Advisor,Domenic_Shelton5443@atink.com,Domenic Shelton,Ancient Civilizations
540,Associate Professor,Phillip_Atkinson2947@famism.biz,Phillip Atkinson,Earth Science
541,Retail Trainee,Henry_Morrison7158@extex.org,Henry Morrison,American Literature
542,Production Painter,Tyson_Yarlett968@nimogy.biz,Tyson Yarlett,Modern Literature
543,Retail Trainee,Tony_Hunter3747@muall.tech,Tony Hunter,Art
544,Design Engineer,Russel_Waterson328@famism.biz,Russel Waterson,Speech
545,Steward,Havana_Robinson1514@sheye.org,Havana Robinson,Resource Program
546,Front Desk Coordinator,Chadwick_Stewart8310@bretoux.com,Chadwick Stewart,Spanish
547,Biologist,Aeris_Booth5266@tonsy.org,Aeris Booth,Language Arts
548,Bellman,Hayden_Vollans2654@gompie.com,Hayden Vollans,Ecology
549,Production Painter,Moira_Hudson5761@gembat.biz,Moira Hudson,Science
550,Retail Trainee,Hank_Nicolas8895@corti.com,Hank Nicolas,Art
551,Pharmacist,Ryan_Eaton4520@fuliss.net,Ryan Eaton,Ancient Civilizations
552,Global Logistics Supervisor,Alison_Everett8331@naiker.biz,Alison Everett,Grammar
553,Bellman,Chester_Rossi5996@gembat.biz,Chester Rossi,Earth Science
554,Health Educator,Chris_Ellis8764@bretoux.com,Chris Ellis,Basic Math
555,Dentist,Stephanie_Ingram4349@bulaffy.com,Stephanie Ingram,Modern Literature
556,Restaurant Manager,Bryon_Payne1822@fuliss.net,Bryon Payne,Handwriting
557,Food Technologist,Shay_Reynolds2334@gompie.com,Shay Reynolds,Modern Literature
558,Dentist,Noah_Lewin3463@irrepsy.com,Noah Lewin,Ancient Civilizations
559,Budget Analyst,George_Parker7612@yahoo.com,George Parker,LOGIC
560,Accountant,Tyler_James4667@acrit.org,Tyler James,Basic Math
561,Cook,Nathan_Walter5882@corti.com,Nathan Walter,Earth Science
562,Designer,Caitlyn_Gibson9029@qater.org,Caitlyn Gibson,History
563,Bookkeeper,Denis_King7375@brety.org,Denis King,Latin
564,Loan Officer,Alexander_Reading4943@dionrab.com,Alexander Reading,Leadership
565,Assistant Buyer,Blake_Gibbons4937@muall.tech,Blake Gibbons,English IV
566,Loan Officer,Abdul_Howard5943@bauros.biz,Abdul Howard,Grammar
567,Investment  Advisor,Rebecca_Rivers6999@womeona.net,Rebecca Rivers,Sociology
568,Mobile Developer,Johnny_Underhill9871@ubusive.com,Johnny Underhill,History
569,Machine Operator,Harvey_Scott1327@eirey.tech,Harvey Scott,Handwriting
570,Laboratory Technician,Eduardo_Parr5216@extex.org,Eduardo Parr,Sociology
571,Associate Professor,Leroy_Egerton5266@nanoff.biz,Leroy Egerton,Ancient Civilizations
572,Biologist,Leilani_Wood7731@gompie.com,Leilani Wood,Accounting
573,Retail Trainee,Amelia_Kennedy8764@vetan.org,Amelia Kennedy,Handwriting
574,HR Coordinator,Elijah_Oldfield4574@irrepsy.com,Elijah Oldfield,Instrumental Music
575,Web Developer,Goldie_Noach9350@muall.tech,Goldie Noach,Earth Science
576,Physician,Vanessa_Irwin2062@mafthy.com,Vanessa Irwin,Design and technology
577,Restaurant Manager,Jessica_Gilmour3169@dionrab.com,Jessica Gilmour,German
578,Budget Analyst,Laila_Pratt2952@jiman.org,Laila Pratt,Basic Math
579,Service Supervisor,Beatrice_Edler9773@gmail.com,Beatrice Edler,Geography
580,Baker,Leroy_Hale1341@fuliss.net,Leroy Hale,German
581,Treasurer,Audrey_Spencer8916@supunk.biz,Audrey Spencer,Earth Science
582,Project Manager,Bob_Haines9668@sheye.org,Bob Haines,Basic Math
583,Cook,Lillian_Stubbs9650@bungar.biz,Lillian Stubbs,History
584,Front Desk Coordinator,Jack_Connell327@gmail.com,Jack Connell,Basic Math
585,Banker,Caleb_Groves3316@cispeto.com,Caleb Groves,Instrumental Music
586,Front Desk Coordinator,Jayden_Miller4033@supunk.biz,Jayden Miller,Ancient Civilizations
587,Design Engineer,Eduardo_Parker9184@jiman.org,Eduardo Parker,LOGIC
588,Cashier,Abdul_Evans5180@gmail.com,Abdul Evans,Health
589,IT Support Staff,Mike_Woods2724@ovock.tech,Mike Woods,Spanish
590,Laboratory Technician,Hadley_Rose8087@eirey.tech,Hadley Rose,Ancient Civilizations
591,Executive Director,Jocelyn_Dillon6650@naiker.biz,Jocelyn Dillon,Sociology
592,Mobile Developer,Harvey_Walker7688@gembat.biz,Harvey Walker,History
593,Restaurant Manager,Danny_Johnson8227@infotech44.tech,Danny Johnson,American Literature
594,Inspector,Kurt_Kelly5634@deons.tech,Kurt Kelly,Leadership
595,HR Coordinator,Ryan_Sanchez2828@irrepsy.com,Ryan Sanchez,Handwriting
596,Cash Manager,Noah_Shaw4738@yahoo.com,Noah Shaw,Science
597,Healthcare Specialist,Carl_Terry1953@irrepsy.com,Carl Terry,Handwriting
598,Lecturer,Kieth_Dyson3269@nimogy.biz,Kieth Dyson,Health
599,Food Technologist,Eduardo_Taylor8940@qater.org,Eduardo Taylor,American Literature
600,Physician,Johnathan_Gibson3268@naiker.biz,Johnathan Gibson,Leadership
601,Bellman,Mya_Radcliffe5379@twace.org,Mya Radcliffe,German
602,CNC Operator,Chester_Roth5581@famism.biz,Chester Roth,Trigonometry
603,Food Technologist,Ryan_Tindall5474@tonsy.org,Ryan Tindall,Music
604,Baker,Domenic_Pope9797@famism.biz,Domenic Pope,Modern Literature
605,Design Engineer,Kieth_Tanner3108@tonsy.org,Kieth Tanner,Art
606,Health Educator,Oliver_Camden9745@elnee.tech,Oliver Camden,French
607,Global Logistics Supervisor,Denny_Talbot1976@bulaffy.com,Denny Talbot,Resource Program
608,Biologist,Blake_Norman6542@brety.org,Blake Norman,Handwriting
609,Dentist,Gina_Tate5140@liret.org,Gina Tate,Design and technology
610,CNC Operator,Alice_Snell4075@grannar.com,Alice Snell,Economics
611,CNC Operator,Anthony_Saunders9680@irrepsy.com,Anthony Saunders,French
612,Stockbroker,Rosa_Walker9592@twipet.com,Rosa Walker,Modern Literature
613,HR Coordinator,Maria_Ring277@liret.org,Maria Ring,Geography
614,Investment  Advisor,George_Briggs7681@bauros.biz,George Briggs,Handwriting
615,Machine Operator,Ruth_Hale4532@eirey.tech,Ruth Hale,Latin
616,Audiologist,Melanie_Hastings540@deons.tech,Melanie Hastings,Modern Literature
617,Bellman,Jacob_Gallacher9191@brety.org,Jacob Gallacher,Science
618,Investment  Advisor,Roger_Andrews6952@elnee.tech,Roger Andrews,Spanish
619,Assistant Buyer,Charlize_Dickson8196@ovock.tech,Charlize Dickson,Language Arts
620,Cook,Chad_Bishop4909@gembat.biz,Chad Bishop,Basic Math
621,Service Supervisor,Kenzie_Hill7371@grannar.com,Kenzie Hill,Resource Program
622,Call Center Representative,Roger_Fox5018@irrepsy.com,Roger Fox,Physical Education
623,Lecturer,Julia_Ralph3020@typill.biz,Julia Ralph,Accounting
624,Health Educator,Emery_Hastings2142@hourpy.biz,Emery Hastings,Mathematics
625,Cook,Bethany_Heaton105@bauros.biz,Bethany Heaton,Modern Literature
626,Operator,Carl_Todd9826@tonsy.org,Carl Todd,Earth Science
627,Chef Manager,Tania_Attwood3366@sheye.org,Tania Attwood,Physical Education
628,Assistant Buyer,Hank_Adams6796@deavo.com,Hank Adams,LOGIC
629,Operator,Florence_Owen9761@eirey.tech,Florence Owen,Speech
630,CNC Operator,Matthew_Connor7327@famism.biz,Matthew Connor,Ancient Civilizations
631,Systems Administrator,Tom_Nayler2123@zorer.org,Tom Nayler,Spanish
632,Operator,Martha_Moss1668@yahoo.com,Martha Moss,Leadership
633,Clerk,George_Flanders5849@grannar.com,George Flanders,Science
634,Assistant Buyer,Tom_Cooper1357@infotech44.tech,Tom Cooper,Art
635,Inspector,William_Morris7374@grannar.com,William Morris,Resource Program
636,Pharmacist,Doug_Adler7123@liret.org,Doug Adler,Handwriting
637,Food Technologist,Margot_Walker7463@liret.org,Margot Walker,Geography
638,Staffing Consultant,Paula_Partridge5185@naiker.biz,Paula Partridge,Latin
639,Operator,John_Wilkinson5529@bulaffy.com,John Wilkinson,Grammar
640,Chef Manager,Matthew_Malone4683@atink.com,Matthew Malone,English IV
641,HR Specialist,Rhea_Vernon131@naiker.biz,Rhea Vernon,Trigonometry
642,Insurance Broker,Aiden_Graham9624@fuliss.net,Aiden Graham,Design and technology
643,Designer,Robyn_Spencer1378@iatim.tech,Robyn Spencer,Design and technology
644,Steward,Rowan_Devonport7859@bulaffy.com,Rowan Devonport,Earth Science
645,Biologist,Sabina_Roberts1232@corti.com,Sabina Roberts,Dramatics
646,Steward,Makenzie_Vinton3668@yahoo.com,Makenzie Vinton,History
647,IT Support Staff,Benny_Driscoll9485@guentu.biz,Benny Driscoll,Latin
648,Software Engineer,Fred_Reynolds3005@brety.org,Fred Reynolds,Leadership
649,Bookkeeper,Adeline_Holt2273@deons.tech,Adeline Holt,Latin
650,Fabricator,Domenic_Roberts6775@joiniaa.com,Domenic Roberts,Basic Math
651,Systems Administrator,Colleen_Phillips9971@kideod.biz,Colleen Phillips,Language Arts
652,Biologist,Bob_Harvey2300@kideod.biz,Bob Harvey,Instrumental Music
653,Laboratory Technician,John_Oatway1366@supunk.biz,John Oatway,Music
654,Staffing Consultant,Nate_Brooks3310@ovock.tech,Nate Brooks,Latin
655,Executive Director,Logan_Benfield3098@yahoo.com,Logan Benfield,Modern Literature
656,Dentist,Margot_Tait7530@cispeto.com,Margot Tait,Science
657,Stockbroker,Danny_Cartwright4977@bretoux.com,Danny Cartwright,Spanish
658,Associate Professor,William_Walton5030@iatim.tech,William Walton,Ancient Civilizations
659,Loan Officer,Raquel_Warden7369@twace.org,Raquel Warden,Ecology
660,Project Manager,Dani_Parr6352@yahoo.com,Dani Parr,History
661,Treasurer,Emery_Jarvis3538@kideod.biz,Emery Jarvis,Instrumental Music
662,Software Engineer,Eduardo_Jones3704@nimogy.biz,Eduardo Jones,Language Arts
663,Auditor,Russel_Graham8916@bulaffy.com,Russel Graham,Art
664,Bookkeeper,Ron_Ingram8988@mafthy.com,Ron Ingram,Language Arts
665,Stockbroker,Danny_Giles7525@irrepsy.com,Danny Giles,Resource Program
666,Software Engineer,Sabrina_Broomfield5823@guentu.biz,Sabrina Broomfield,Language Arts
667,Ambulatory Nurse,Carla_Rowe8852@twipet.com,Carla Rowe,Accounting
668,Banker,Danny_Rivers1674@eirey.tech,Danny Rivers,Geography
669,Global Logistics Supervisor,Leroy_Dixon805@ovock.tech,Leroy Dixon,Modern Literature
670,Inspector,Lauren_Whittle3571@vetan.org,Lauren Whittle,Art
671,Retail Trainee,Elijah_Lewis1075@zorer.org,Elijah Lewis,Leadership
672,CNC Operator,Elise_Burge7587@muall.tech,Elise Burge,Geography
673,Healthcare Specialist,Chester_Pitt7336@nickia.com,Chester Pitt,Design and technology
674,Global Logistics Supervisor,Russel_Grey536@iatim.tech,Russel Grey,Art
675,Machine Operator,Andie_Greenwood4320@bretoux.com,Andie Greenwood,French
676,Bookkeeper,William_Ingram2511@cispeto.com,William Ingram,German
677,Web Developer,Joseph_Locke7374@iatim.tech,Joseph Locke,German
678,Laboratory Technician,Rosemary_Whittle1399@nanoff.biz,Rosemary Whittle,Ancient Civilizations
679,Baker,George_Bingham8138@muall.tech,George Bingham,Science
680,Production Painter,Dakota_Jobson8124@bungar.biz,Dakota Jobson,Speech
681,Retail Trainee,Mason_Kirby9076@liret.org,Mason Kirby,Spanish
682,Webmaster,Marjorie_Murphy8795@sveldo.biz,Marjorie Murphy,American Literature
683,Assistant Buyer,George_Thatcher9941@eirey.tech,George Thatcher,Accounting
684,Business Broker,Jayden_Lakey1644@mafthy.com,Jayden Lakey,Earth Science
685,HR Specialist,Maia_Irving664@tonsy.org,Maia Irving,Mathematics
686,Healthcare Specialist,Laila_Cox973@womeona.net,Laila Cox,Accounting
687,Global Logistics Supervisor,Christy_Eaton9729@guentu.biz,Christy Eaton,American Literature
688,Stockbroker,Diane_Victor9085@gompie.com,Diane Victor,Spanish
689,Laboratory Technician,Phoebe_Dobson597@joiniaa.com,Phoebe Dobson,Art
690,Clerk,Kate_Carter9810@ubusive.com,Kate Carter,LOGIC
691,Biologist,Barry_Thompson6272@joiniaa.com,Barry Thompson,French
692,Associate Professor,Daron_Rodgers1088@typill.biz,Daron Rodgers,Health
693,Budget Analyst,Leanne_Addley2584@gembat.biz,Leanne Addley,Mathematics
694,Electrician,Liv_Dwyer7686@gmail.com,Liv Dwyer,Earth Science
695,Chef Manager,Agnes_Wilkinson6891@bungar.biz,Agnes Wilkinson,Art
696,Global Logistics Supervisor,Cedrick_Welsch406@hourpy.biz,Cedrick Welsch,Ecology
697,Production Painter,Shannon_Mccormick260@deavo.com,Shannon Mccormick,Resource Program
698,Restaurant Manager,Greta_Bright3305@acrit.org,Greta Bright,Speech
699,Global Logistics Supervisor,Harvey_Gray1054@liret.org,Harvey Gray,Language Arts
700,Designer,Juliet_James3478@yahoo.com,Juliet James,Accounting
701,Operator,Jack_Grey2480@joiniaa.com,Jack Grey,History
702,Call Center Representative,Domenic_Willson2017@vetan.org,Domenic Willson,Instrumental Music
703,Bookkeeper,Sebastian_Stubbs410@ovock.tech,Sebastian Stubbs,Ancient Civilizations
704,Call Center Representative,Johnathan_Edwards6257@extex.org,Johnathan Edwards,Science
705,Cash Manager,Matt_Hill9229@sheye.org,Matt Hill,Music
706,Health Educator,Rosalee_Lambert6612@deavo.com,Rosalee Lambert,Health
707,Biologist,Livia_Coleman9802@tonsy.org,Livia Coleman,Language Arts
708,Project Manager,Brad_Welsch7330@gompie.com,Brad Welsch,Grammar
709,Bellman,Tom_Rainford5805@gembat.biz,Tom Rainford,Modern Literature
710,Retail Trainee,Daron_Stanley5947@deavo.com,Daron Stanley,Geography
711,Healthcare Specialist,Isabel_Rainford1424@mafthy.com,Isabel Rainford,Physical Education
712,Treasurer,Madison_Weasley3956@guentu.biz,Madison Weasley,Physical Education
713,Systems Administrator,Teagan_Benfield736@dionrab.com,Teagan Benfield,Resource Program
714,Stockbroker,Ethan_Waterhouse7618@zorer.org,Ethan Waterhouse,Spanish
715,Lecturer,Mason_Price8546@elnee.tech,Mason Price,Grammar
716,Retail Trainee,Elijah_Alldridge3804@womeona.net,Elijah Alldridge,LOGIC
717,Chef Manager,Caleb_Cox2515@brety.org,Caleb Cox,Modern Literature
718,Accountant,Barney_Patel683@sheye.org,Barney Patel,Geography
719,Fabricator,Carissa_Gates9460@ubusive.com,Carissa Gates,Speech
720,Mobile Developer,Dakota_Edwards573@muall.tech,Dakota Edwards,Sociology
721,Retail Trainee,Fiona_Noach3091@fuliss.net,Fiona Noach,Spanish
722,Laboratory Technician,Jenna_Ross9330@jiman.org,Jenna Ross,Music
723,Project Manager,Aiden_Stubbs8488@infotech44.tech,Aiden Stubbs,LOGIC
724,Auditor,Ilona_Kidd9998@jiman.org,Ilona Kidd,Mathematics
725,Project Manager,Bridget_Yates6837@bungar.biz,Bridget Yates,French
726,Banker,Elijah_Torres5133@bulaffy.com,Elijah Torres,Handwriting
727,Clerk,Alessandra_Randall2423@hourpy.biz,Alessandra Randall,Spanish
728,Dentist,Ethan_Graham4851@sheye.org,Ethan Graham,Music
729,Pharmacist,Tyler_Coates4955@dionrab.com,Tyler Coates,Handwriting
730,Inspector,Daron_Jackson5885@bungar.biz,Daron Jackson,Accounting
731,Call Center Representative,Mya_Norton3939@bauros.biz,Mya Norton,Basic Math
732,Associate Professor,Chadwick_Huggins6857@naiker.biz,Chadwick Huggins,Instrumental Music
733,Restaurant Manager,Daniel_Gordon6997@guentu.biz,Daniel Gordon,Basic Math
734,Ambulatory Nurse,Alexia_Simpson6307@guentu.biz,Alexia Simpson,Ecology
735,IT Support Staff,Madelyn_Brett2868@gmail.com,Madelyn Brett,German
736,Clerk,Michelle_Bell8776@brety.org,Michelle Bell,Music
737,Cook,Freya_Kelly7054@sveldo.biz,Freya Kelly,Dramatics
738,Lecturer,Carl_Shepherd5432@sveldo.biz,Carl Shepherd,Physical Education
739,Assistant Buyer,Elly_Rixon7374@muall.tech,Elly Rixon,Resource Program
740,Assistant Buyer,Daron_Driscoll5844@nimogy.biz,Daron Driscoll,Instrumental Music
741,Inspector,Evelynn_Long3140@nickia.com,Evelynn Long,American Literature
742,Pharmacist,Ilona_Lambert1449@iatim.tech,Ilona Lambert,Sociology
743,Associate Professor,Josephine_Edwards7069@womeona.net,Josephine Edwards,LOGIC
744,Physician,Nate_Walsh9205@famism.biz,Nate Walsh,Leadership
745,Electrician,Sabrina_Khan8409@corti.com,Sabrina Khan,Sociology
746,Fabricator,Matt_Waterson3880@hourpy.biz,Matt Waterson,Handwriting
747,Design Engineer,Roger_Boyle3542@vetan.org,Roger Boyle,Mathematics
748,Bellman,Johnathan_Matthews7929@typill.biz,Johnathan Matthews,Earth Science
749,Investment  Advisor,Bart_Hastings4673@hourpy.biz,Bart Hastings,Physical Education
750,Laboratory Technician,Charlotte_Anderson1099@vetan.org,Charlotte Anderson,German
751,Lecturer,Anthony_Shelton8794@grannar.com,Anthony Shelton,LOGIC
752,Call Center Representative,Jack_Wooldridge6183@deons.tech,Jack Wooldridge,Speech
753,Laboratory Technician,William_James98@dionrab.com,William James,Leadership
754,HR Coordinator,Hope_Spencer5706@jiman.org,Hope Spencer,Earth Science
755,Clerk,Henry_Lynch8381@atink.com,Henry Lynch,Latin
756,Design Engineer,Matt_Wallace3256@corti.com,Matt Wallace,Ancient Civilizations
757,Retail Trainee,Phoebe_Alldridge3616@grannar.com,Phoebe Alldridge,Geography
758,Ambulatory Nurse,William_Funnell37@twipet.com,William Funnell,Instrumental Music
759,Pharmacist,Harvey_Lucas9590@naiker.biz,Harvey Lucas,Instrumental Music
760,Dentist,Rick_Buckley2841@supunk.biz,Rick Buckley,English IV
761,Production Painter,Amy_Knight1785@irrepsy.com,Amy Knight,Accounting
762,Systems Administrator,Valentina_Cavanagh181@grannar.com,Valentina Cavanagh,Instrumental Music
763,Call Center Representative,Chadwick_Baldwin6671@naiker.biz,Chadwick Baldwin,Ancient Civilizations
764,Production Painter,Cassandra_Stubbs1352@tonsy.org,Cassandra Stubbs,Accounting
765,Webmaster,Laila_Gilmour9183@deavo.com,Laila Gilmour,English IV
766,Auditor,Selena_Russell6066@bretoux.com,Selena Russell,Design and technology
767,Accountant,Owen_Mason3100@gembat.biz,Owen Mason,Modern Literature
768,Machine Operator,Jack_Aldridge8213@naiker.biz,Jack Aldridge,Handwriting
769,Banker,Nick_Gibbons1923@extex.org,Nick Gibbons,Speech
770,Dentist,Joyce_Reid9098@nickia.com,Joyce Reid,German
771,Paramedic,Georgia_Lewis7506@kideod.biz,Georgia Lewis,Sociology
772,Machine Operator,Logan_Lewis8879@corti.com,Logan Lewis,Science
773,Insurance Broker,Chester_Russell8617@vetan.org,Chester Russell,Health
774,Ambulatory Nurse,Jolene_Thomson3465@grannar.com,Jolene Thomson,Trigonometry
775,Project Manager,Leslie_Ballard9628@supunk.biz,Leslie Ballard,English IV
776,Designer,Fred_Baldwin5977@bauros.biz,Fred Baldwin,Health
777,HR Coordinator,William_Rothwell5370@ovock.tech,William Rothwell,Leadership
778,Food Technologist,Rosie_Lane7221@fuliss.net,Rosie Lane,Health
779,Doctor,Jolene_Bradshaw6151@eirey.tech,Jolene Bradshaw,Physical Education
780,Mobile Developer,Faith_Ross5669@gompie.com,Faith Ross,Speech
781,Budget Analyst,Celia_Hopkinson7190@womeona.net,Celia Hopkinson,Physical Education
782,Machine Operator,Domenic_Woodley7982@bulaffy.com,Domenic Woodley,Handwriting
783,Health Educator,Johnny_Umney9452@eirey.tech,Johnny Umney,German
784,Webmaster,Zara_Mullins9929@fuliss.net,Zara Mullins,Spanish
785,Business Broker,Anne_Cowan1883@twipet.com,Anne Cowan,Earth Science
786,Retail Trainee,Julia_Lane369@irrepsy.com,Julia Lane,Leadership
787,Assistant Buyer,Grace_Ripley2288@acrit.org,Grace Ripley,Economics
788,Biologist,Leanne_Hill4772@corti.com,Leanne Hill,Instrumental Music
789,Laboratory Technician,Mike_Thomas9584@liret.org,Mike Thomas,Language Arts
790,Call Center Representative,Roger_Thomson737@mafthy.com,Roger Thomson,Earth Science
791,Investment  Advisor,Meredith_Hunt4272@dionrab.com,Meredith Hunt,Music
792,Healthcare Specialist,Tania_Patel6912@nimogy.biz,Tania Patel,Art
793,Associate Professor,Nate_Robinson2670@mafthy.com,Nate Robinson,Speech
794,Bookkeeper,Logan_Beal2424@infotech44.tech,Logan Beal,Art
795,Dentist,Madison_Sloan2975@acrit.org,Madison Sloan,Speech
796,Webmaster,Tom_Rixon1466@twace.org,Tom Rixon,LOGIC
797,Audiologist,Angelique_Umney2769@grannar.com,Angelique Umney,Science
798,Banker,Bob_Spencer6084@bauros.biz,Bob Spencer,Trigonometry
799,Food Technologist,Katelyn_Clarke5284@bungar.biz,Katelyn Clarke,Geography
800,Web Developer,Cedrick_Savage8576@joiniaa.com,Cedrick Savage,Ecology
801,Healthcare Specialist,Makenzie_Morris455@acrit.org,Makenzie Morris,Trigonometry
802,Machine Operator,Matthew_West8979@yahoo.com,Matthew West,Instrumental Music
803,Investment  Advisor,John_Knight4046@kideod.biz,John Knight,Economics
804,Business Broker,Chelsea_Graham9652@deons.tech,Chelsea Graham,Health
805,Assistant Buyer,Gloria_Walsh1792@ovock.tech,Gloria Walsh,Ecology
806,Healthcare Specialist,Caitlyn_Reese5487@sheye.org,Caitlyn Reese,Basic Math
807,Physician,Felicity_Howard1892@nimogy.biz,Felicity Howard,Earth Science
808,Health Educator,Boris_Torres186@nimogy.biz,Boris Torres,Health
809,HR Coordinator,Anne_Burnley4415@iatim.tech,Anne Burnley,Basic Math
810,Chef Manager,Enoch_Bentley2143@elnee.tech,Enoch Bentley,Ancient Civilizations
811,Global Logistics Supervisor,Tyson_Warner8992@infotech44.tech,Tyson Warner,LOGIC
812,Production Painter,Ron_Watt1929@bretoux.com,Ron Watt,Mathematics
813,Call Center Representative,Rocco_Logan405@joiniaa.com,Rocco Logan,Mathematics
814,Project Manager,Carter_Tindall2800@hourpy.biz,Carter Tindall,Physical Education
815,Food Technologist,John_Matthews3094@nanoff.biz,John Matthews,Resource Program
816,CNC Operator,Penelope_Booth1531@bulaffy.com,Penelope Booth,Earth Science
817,Business Broker,Zara_Pearson195@sveldo.biz,Zara Pearson,Physical Education
818,Banker,Emely_Wise5629@hourpy.biz,Emely Wise,Health
819,Stockbroker,Parker_Graves3774@bretoux.com,Parker Graves,LOGIC
820,Restaurant Manager,Gloria_Talbot6595@atink.com,Gloria Talbot,LOGIC
821,Business Broker,Abdul_Cunningham7134@supunk.biz,Abdul Cunningham,American Literature
822,Electrician,Laila_Stone23@muall.tech,Laila Stone,Physical Education
823,Budget Analyst,Mackenzie_Richardson4029@jiman.org,Mackenzie Richardson,Latin
824,Biologist,Jack_Hunt7429@iatim.tech,Jack Hunt,German
825,Cashier,Marie_Lakey2692@corti.com,Marie Lakey,Basic Math
826,Paramedic,Gemma_Hunt7654@jiman.org,Gemma Hunt,Latin
827,Systems Administrator,Emmanuelle_Greenwood1942@twace.org,Emmanuelle Greenwood,French
828,Physician,Angelina_Dixon6275@joiniaa.com,Angelina Dixon,Latin
829,Pharmacist,Cassidy_Sheldon3176@extex.org,Cassidy Sheldon,Resource Program
830,Machine Operator,Phoebe_Holmes2625@sheye.org,Phoebe Holmes,Accounting
831,Machine Operator,Danielle_Brennan7578@fuliss.net,Danielle Brennan,Science
832,Electrician,Chester_Matthews9569@bretoux.com,Chester Matthews,Trigonometry
833,Steward,Rick_Mcgregor7801@grannar.com,Rick Mcgregor,Spanish
834,Budget Analyst,Katelyn_Edley1481@acrit.org,Katelyn Edley,French
835,Webmaster,Stacy_Button728@iatim.tech,Stacy Button,Dramatics
836,Audiologist,George_Stubbs984@deavo.com,George Stubbs,Dramatics
837,Webmaster,Melania_Rodwell9658@fuliss.net,Melania Rodwell,Ancient Civilizations
838,Web Developer,Paula_Miller5605@famism.biz,Paula Miller,Modern Literature
839,HR Specialist,Paula_Farrow444@muall.tech,Paula Farrow,Ecology
840,Auditor,Gabriel_Tanner2242@cispeto.com,Gabriel Tanner,Sociology
841,IT Support Staff,Selena_Cassidy7949@gompie.com,Selena Cassidy,Instrumental Music
842,Service Supervisor,Leilani_Abbey5598@muall.tech,Leilani Abbey,German
843,Cook,Mike_Addison5854@elnee.tech,Mike Addison,English IV
844,Audiologist,Jacob_Upsdell8969@sveldo.biz,Jacob Upsdell,Language Arts
845,Staffing Consultant,Sabina_Mackenzie3800@womeona.net,Sabina Mackenzie,Ecology
846,Cash Manager,Michael_Stubbs1242@bungar.biz,Michael Stubbs,Health
847,Executive Director,Paula_Harvey3611@iatim.tech,Paula Harvey,Accounting
848,Bellman,Kurt_Durrant7004@atink.com,Kurt Durrant,Mathematics
849,Associate Professor,Blake_Brett2841@twipet.com,Blake Brett,Mathematics
850,Business Broker,Leah_Craig3453@jiman.org,Leah Craig,Science
851,CNC Operator,Michaela_Silva1333@bauros.biz,Michaela Silva,Accounting
852,Ambulatory Nurse,Elena_Ashley8620@womeona.net,Elena Ashley,Economics
853,HR Coordinator,Noah_Stewart8593@extex.org,Noah Stewart,Trigonometry
854,Loan Officer,Noah_Knight4605@eirey.tech,Noah Knight,Art
855,Designer,Bob_Talbot5984@eirey.tech,Bob Talbot,Latin
856,CNC Operator,Josh_Redfern9564@iatim.tech,Josh Redfern,Instrumental Music
857,Doctor,Cherish_Nicolas2923@bretoux.com,Cherish Nicolas,Accounting
858,Stockbroker,Emely_Uttley4430@infotech44.tech,Emely Uttley,American Literature
859,Audiologist,Marie_Khan6468@grannar.com,Marie Khan,Handwriting
860,Front Desk Coordinator,Bernadette_Plant9828@kideod.biz,Bernadette Plant,Handwriting
861,Insurance Broker,Rihanna_Denton6986@nickia.com,Rihanna Denton,English IV
862,Insurance Broker,Jack_Robinson2735@gompie.com,Jack Robinson,Mathematics
863,Mobile Developer,Nathan_Atkinson2044@iatim.tech,Nathan Atkinson,History
864,Executive Director,Maxwell_Umney4213@twipet.com,Maxwell Umney,French
865,Dentist,Wade_Drake8069@twipet.com,Wade Drake,Earth Science
866,Lecturer,Maxwell_Pierce6352@jiman.org,Maxwell Pierce,American Literature
867,IT Support Staff,Fred_Osman782@hourpy.biz,Fred Osman,Language Arts
868,Machine Operator,Gil_Larkin7618@gompie.com,Gil Larkin,Economics
869,Budget Analyst,Hayden_Wilson7800@supunk.biz,Hayden Wilson,French
870,Doctor,Bethany_Scott7050@nanoff.biz,Bethany Scott,Trigonometry
871,Steward,Juliette_Lane1457@jiman.org,Juliette Lane,Mathematics
872,Doctor,Scarlett_Tobin4142@kideod.biz,Scarlett Tobin,American Literature
873,Design Engineer,Rebecca_Needham7506@jiman.org,Rebecca Needham,Ecology
874,Designer,Norah_Quinton934@sheye.org,Norah Quinton,Geography
875,Accountant,Ruth_Moore3624@twipet.com,Ruth Moore,Resource Program
876,Audiologist,Davina_Dubois3588@ubusive.com,Davina Dubois,Grammar
877,Bellman,Gabriel_Chapman321@extex.org,Gabriel Chapman,Basic Math
878,Paramedic,Harriet_Richardson4953@sheye.org,Harriet Richardson,Instrumental Music
879,Systems Administrator,Alba_Matthews5100@deons.tech,Alba Matthews,Instrumental Music
880,Machine Operator,Bridget_Oliver5973@grannar.com,Bridget Oliver,Economics
881,Dentist,Chloe_Eddison4893@zorer.org,Chloe Eddison,Design and technology
882,Cash Manager,Moira_Clifford5572@cispeto.com,Moira Clifford,Economics
883,Restaurant Manager,Russel_Powell6330@zorer.org,Russel Powell,Health
884,Laboratory Technician,Oliver_Eaton2519@joiniaa.com,Oliver Eaton,Economics
885,Bellman,Manuel_Atkinson5356@corti.com,Manuel Atkinson,Science
886,Physician,Bryce_Drew9925@sheye.org,Bryce Drew,Art
887,Stockbroker,Fiona_Edley9263@tonsy.org,Fiona Edley,Science
888,Software Engineer,Melanie_Wilkinson4916@mafthy.com,Melanie Wilkinson,Geography
889,Web Developer,Vanessa_Parsons2333@bungar.biz,Vanessa Parsons,Latin
890,Physician,Cynthia_Khan5823@liret.org,Cynthia Khan,Latin
891,Webmaster,Benny_Andrews3116@dionrab.com,Benny Andrews,Spanish
892,Paramedic,Ryan_Broomfield7549@jiman.org,Ryan Broomfield,Design and technology
893,Restaurant Manager,Tony_Rivers832@muall.tech,Tony Rivers,Accounting
894,Cashier,Daphne_Stark7235@guentu.biz,Daphne Stark,German
895,Insurance Broker,Davina_Yang1214@dionrab.com,Davina Yang,Mathematics
896,Chef Manager,Henry_Emmett2376@twace.org,Henry Emmett,Language Arts
897,Software Engineer,Nate_Hepburn8598@acrit.org,Nate Hepburn,Leadership
898,Stockbroker,Marie_Wood3314@ubusive.com,Marie Wood,Science
899,Bellman,Michaela_Stewart7839@extex.org,Michaela Stewart,Ancient Civilizations
900,Auditor,Courtney_Cox7757@mafthy.com,Courtney Cox,Sociology
901,Global Logistics Supervisor,Vicky_Furnell9491@bauros.biz,Vicky Furnell,German
902,Retail Trainee,Peter_Cadman5292@liret.org,Peter Cadman,Design and technology
903,Production Painter,Javier_Ingram450@bauros.biz,Javier Ingram,American Literature
904,Fabricator,Jacob_Mcguire40@typill.biz,Jacob Mcguire,English IV
905,Cook,Martha_Wooldridge551@zorer.org,Martha Wooldridge,Science
906,Auditor,Jack_Thornton2743@eirey.tech,Jack Thornton,Earth Science
907,Staffing Consultant,Dalia_Taylor5361@twipet.com,Dalia Taylor,Science
908,Software Engineer,Ryan_Weston2665@bauros.biz,Ryan Weston,Accounting
909,Designer,Emely_Ianson5925@supunk.biz,Emely Ianson,Basic Math
910,Service Supervisor,Erin_Kelly9044@hourpy.biz,Erin Kelly,Leadership
911,Call Center Representative,Camellia_Campbell4782@hourpy.biz,Camellia Campbell,Basic Math
912,Cook,Hayden_Nurton6535@jiman.org,Hayden Nurton,American Literature
913,Cashier,Angela_Irving124@mafthy.com,Angela Irving,Physical Education
914,Restaurant Manager,Monica_Carson3895@yahoo.com,Monica Carson,Latin
915,Dentist,Janelle_Verdon5705@deons.tech,Janelle Verdon,Physical Education
916,Lecturer,Percy_Cann7241@extex.org,Percy Cann,Design and technology
917,Production Painter,John_Mills92@ubusive.com,John Mills,Dramatics
918,Doctor,Chad_Gordon2843@deons.tech,Chad Gordon,Economics
919,Dentist,Ramon_Eastwood4829@famism.biz,Ramon Eastwood,Economics
920,Bookkeeper,Harvey_Nobbs3430@elnee.tech,Harvey Nobbs,English IV
921,Cashier,Rachael_Taylor2219@gompie.com,Rachael Taylor,Grammar
922,Operator,Bryon_Neal3292@kideod.biz,Bryon Neal,Handwriting
923,Lecturer,Doug_Benson1067@ubusive.com,Doug Benson,Speech
924,Treasurer,Drew_Garcia979@kideod.biz,Drew Garcia,Music
925,Service Supervisor,Barney_Wade3391@acrit.org,Barney Wade,Physical Education
926,Bellman,Denis_Gunn4234@guentu.biz,Denis Gunn,Mathematics
927,Global Logistics Supervisor,Carina_Hall2257@nanoff.biz,Carina Hall,Leadership
928,Healthcare Specialist,Christy_Adams1380@bauros.biz,Christy Adams,Dramatics
929,Bellman,Camila_Scott1890@bungar.biz,Camila Scott,Instrumental Music
930,Global Logistics Supervisor,Harry_Bingham450@ovock.tech,Harry Bingham,Health
931,IT Support Staff,Callie_Woodley2328@vetan.org,Callie Woodley,Accounting
932,Cook,Ivette_Allwood2371@cispeto.com,Ivette Allwood,Accounting
933,Lecturer,Marina_Miller4397@iatim.tech,Marina Miller,English IV
934,Steward,Felicity_Wilcox3287@gembat.biz,Felicity Wilcox,American Literature
935,Webmaster,Sadie_Lee2448@eirey.tech,Sadie Lee,Physical Education
936,Banker,Mary_Osmond4292@mafthy.com,Mary Osmond,Speech
937,Steward,Diane_Duvall2208@jiman.org,Diane Duvall,Dramatics
938,Budget Analyst,Hannah_Sawyer22@infotech44.tech,Hannah Sawyer,Geography
939,Investment  Advisor,Eden_Goldsmith4751@twipet.com,Eden Goldsmith,Science
940,Biologist,Chuck_Vaughan8594@kideod.biz,Chuck Vaughan,Latin
941,Investment  Advisor,Davina_Ellis2580@infotech44.tech,Davina Ellis,LOGIC
942,Inspector,Samantha_Bennett7016@muall.tech,Samantha Bennett,Geography
943,Insurance Broker,Carl_Reading51@nickia.com,Carl Reading,Language Arts
944,Insurance Broker,Denis_May3673@nickia.com,Denis May,Dramatics
945,Clerk,Ron_Addis1018@atink.com,Ron Addis,Trigonometry
946,Stockbroker,Harry_Hood24@zorer.org,Harry Hood,Spanish
947,Web Developer,Erin_Owen6352@kideod.biz,Erin Owen,LOGIC
948,Pharmacist,Jayden_Oswald8228@eirey.tech,Jayden Oswald,Art
949,Electrician,Ethan_Robinson9962@typill.biz,Ethan Robinson,Mathematics
950,Biologist,Zara_Flack1355@hourpy.biz,Zara Flack,Ancient Civilizations
951,Laboratory Technician,Monica_Dixon7837@qater.org,Monica Dixon,Ecology
952,Paramedic,Manuel_Baxter5438@nimogy.biz,Manuel Baxter,Art
953,Front Desk Coordinator,Tyler_Stanley4828@ovock.tech,Tyler Stanley,LOGIC
954,Production Painter,Ron_Abbot7008@hourpy.biz,Ron Abbot,Design and technology
955,Audiologist,Emmanuelle_Latham1431@twipet.com,Emmanuelle Latham,Health
956,Bookkeeper,Aiden_Allen1080@naiker.biz,Aiden Allen,Basic Math
957,Dentist,Isabel_Andrews9893@nickia.com,Isabel Andrews,American Literature
958,Ambulatory Nurse,Penelope_Murphy3452@joiniaa.com,Penelope Murphy,Grammar
959,CNC Operator,Mark_Bowen3386@muall.tech,Mark Bowen,Grammar
960,Inspector,Roger_Atkinson6881@infotech44.tech,Roger Atkinson,Instrumental Music
961,Cashier,Joseph_Shaw5710@typill.biz,Joseph Shaw,Science
962,Staffing Consultant,Joy_Kelly2689@deavo.com,Joy Kelly,Handwriting
963,Healthcare Specialist,Cedrick_Butler8732@muall.tech,Cedrick Butler,Instrumental Music
964,Production Painter,Jolene_Abbey3498@acrit.org,Jolene Abbey,Latin
965,HR Coordinator,Vicky_Matthews8335@qater.org,Vicky Matthews,Physical Education
966,Associate Professor,Sabina_Roberts23@twace.org,Sabina Roberts,Latin
967,Biologist,Phillip_Norton5246@gmail.com,Phillip Norton,Ecology
968,Project Manager,Chadwick_Robinson3467@nickia.com,Chadwick Robinson,History
969,Designer,Maddison_Moss8044@gompie.com,Maddison Moss,Language Arts
970,Lecturer,Mason_Dallas8193@nanoff.biz,Mason Dallas,Resource Program
971,Cashier,Danny_Terry4662@ubusive.com,Danny Terry,History
972,Webmaster,Brad_Wilson1019@gembat.biz,Brad Wilson,Accounting
973,Call Center Representative,Elijah_Baxter7865@twace.org,Elijah Baxter,Grammar
974,Laboratory Technician,Kate_Wright9346@vetan.org,Kate Wright,Mathematics
975,Cashier,Candace_Mills165@twace.org,Candace Mills,Ecology
976,Executive Director,Joseph_Eyres9640@jiman.org,Joseph Eyres,Handwriting
977,Retail Trainee,Hope_Bloom2768@gembat.biz,Hope Bloom,Art
978,Inspector,Eduardo_Patel9582@mafthy.com,Eduardo Patel,Spanish
979,Ambulatory Nurse,Roger_Wright2485@fuliss.net,Roger Wright,Economics
980,Electrician,Jack_Rehman1847@infotech44.tech,Jack Rehman,Science
981,Cook,Aeris_Stevens3932@cispeto.com,Aeris Stevens,Modern Literature
982,Project Manager,Harvey_Chapman3147@nimogy.biz,Harvey Chapman,Trigonometry
983,Web Developer,Caleb_Robertson3900@twipet.com,Caleb Robertson,Ancient Civilizations
984,Webmaster,Doug_Wood184@kideod.biz,Doug Wood,Spanish
985,Systems Administrator,Henry_Rogers3960@bulaffy.com,Henry Rogers,Music
986,Inspector,Nick_Ralph5557@liret.org,Nick Ralph,LOGIC
987,Insurance Broker,Mason_Warner5101@sveldo.biz,Mason Warner,Trigonometry
988,Business Broker,Daphne_Alcroft7465@gompie.com,Daphne Alcroft,Speech
989,Loan Officer,Domenic_Reyes8607@guentu.biz,Domenic Reyes,Design and technology
990,Food Technologist,Daniel_Wilkinson8678@gmail.com,Daniel Wilkinson,Health
991,Retail Trainee,Julius_Harris8924@cispeto.com,Julius Harris,Ecology
992,Restaurant Manager,Colleen_Gibbons8893@irrepsy.com,Colleen Gibbons,Mathematics
993,Cashier,Ryan_Baxter3432@bulaffy.com,Ryan Baxter,French
994,Physician,Dasha_Dowson1203@irrepsy.com,Dasha Dowson,Leadership
995,CNC Operator,Cedrick_Lee4906@twace.org,Cedrick Lee,French
996,Electrician,Jack_Richards5265@deavo.com,Jack Richards,Mathematics
997,Treasurer,Aileen_Yarwood9369@nimogy.biz,Aileen Yarwood,Leadership
998,Health Educator,Winnie_Wigley7954@twipet.com,Winnie Wigley,Design and technology
999,Machine Operator,Ron_Purvis2188@bulaffy.com,Ron Purvis,Trigonometry
1000,Healthcare Specialist,Tony_Rivers6217@bulaffy.com,Tony Rivers,Accounting

